title,authors,year,venue,method,sample,topic,relevance,link,fulltext_url,why_relevant
Understanding Complex Influences Affecting Participation in Singing,Colleen Whidden,2009,"The Phenomenon of Singing, vol. 7 (Memorial University of Newfoundland)","Нарративное исследование (narrative inquiry): 8 сессий за 5 месяцев — групповое введение, индивидуальное интервью о музыкальной биографии, 6 индивидуальных занятий пением; транскрипты сверены с участниками","Взрослые, называющие себя non-singers, Канада (Калгари); в тексте названо не менее 7 участников (Helen, Sydney, Cheryl, Gilbert, Cathie, Sara, Tony), точное n не извлечено","«I can't sing», идентичность non-singer, детские травмы от учителей, перфекционизм, миф о врождённом таланте",5,https://journals.library.mun.ca/index.php/singing/article/view/908,https://journals.library.mun.ca/index.php/singing/article/download/908/786/3124,"Полный текст прочитан. Четыре темы: негативный детский опыт (чаще — реплика учителя) → сильная эмоциональная связь → интернализация → полное принятие вердикта авторитетной фигуры. Участники считают, что петь стоит только на уровне профессионала. Дословные цитаты: ""I don't know what it is [in our society] but unless you think you are Celine Dion, you're not going to sing"" (Cathie); ""It sounds awful. Oh, it just sounds so horrible"" (Helen); ""Everyone has a base ability . . . But I think it has limitations"" (Sara); ""you can learn to be an average singer but you need a god-given ability to be a great singer"" (Tony); ""I wouldn't want to take the chance of not being able to sing what I hear in my head. The fear factor of failure""."
Singing lessons as a path to well-being in later life,"Alexandra M. Smith, Kay Kleinerman, Annabel J. Cohen","2021 (online), 2022 (issue)",Psychology of Music,Онлайн-опрос (количественные и открытые вопросы),"48 взрослых (из 72 приглашённых), начавших частные уроки вокала после 40 лет; 33 женщины, средний возраст 60,8; 34 из США, 5 из Канады, остальные — Великобритания/Ирландия, Гонконг, Германия, Франция","Мотивация взрослых учеников частных уроков, домашняя практика, благополучие",5,https://doi.org/10.1177/03057356211030992,https://pmc.ncbi.nlm.nih.gov/articles/PMC9014673/,"Полный текст в PMC. Мотивация — удовольствие и личностный рост. Более 90% отмечают пользу для физического и психического здоровья, 67% — улучшение социальных связей. Практика: около 24% занимаются ежедневно, 63% — несколько раз в неделю, в среднем около 47 минут. Барьеры — стоимость и время. Цитаты участников (переданы через WebFetch): ""Getting lost in singing is a great release, and one of the high points of the week. I'm sure it helps me stay sane.""; ""When I found my current voice teacher, through a referral, I knew I'd come home. There was an instant connection."""
Conductor feedback and the amateur singer: The role of criticism and praise in building choral confidence,Michael Bonshor,2017,Research Studies in Music Education,"Качественное: 3 фокус-группы и 16 индивидуальных интервью (более 40 часов), интерпретативный феноменологический анализ (IPA)",Взрослые хористы-любители: 18 в фокус-группах и 16 в интервью; Великобритания,"Уверенность в голосе, влияние критики и похвалы, самооценка голоса",5,https://doi.org/10.1177/1321103X17709630,https://etheses.whiterose.ac.uk/id/eprint/7230/1/Michael%20Bonshor%20PhD%20Thesis%20-%20Confidence%20and%20the%20Choral%20Singer.pdf,"Статья платная; открыта PhD-диссертация автора (Sheffield, 2014) на тех же данных, её PDF проверен (200). Главная тема — как словесная обратная связь влияет на уверенность взрослых певцов-любителей. Полезно для тона обратной связи в продукте."
'It's not that bad singing with other people': The effect of a single outreach on singing attitudes and confidence in adults,"Sally Bodkin-Allen, Nicola Swain, Susan West",2019,Australian Journal of Music Education 52(2),Опрос до и после (количественные шкалы и открытые вопросы) вокруг одного эпизода Outreach Singing,140 взрослых на воркшопе с выступлением в доме престарелых; Новая Зеландия,"Singing confidence, самоопределение «tone deaf», тревога, «mouthing» (открывают рот без звука)",5,https://eric.ed.gov/?id=EJ1269707,https://files.eric.ed.gov/fulltext/EJ1269707.pdf,"Полный текст прочитан. Около четверти участников согласны с утверждением «I consider myself to be tone deaf». Люди ожидали большей тревоги, чем испытали (t=7.70). Значимо снизились «mouthing» и пение так тихо, чтобы никто не услышал. Цитаты: ""It made me feel anxious so I sang quietly."" (TD); ""Singing in small groups made it feel open, people could hear you, it made me feel nervous""; ""Scared at first, got more confident."""
'Singing is No Longer Forbidden to Me – It's Like Part of My Human Dignity Has Been Restored.' Adult Non-Singers Learning To Sing: An Explorative Intervention Study,"Numminen, Lonka, Rainio, Ruismäki",2015,European Journal of Social & Behavioural Sciences 12(1),"Интервенция на 18 месяцев с тестами до и после, оценкой хористов и самоотчётами","10 взрослых non-singers (20–54 лет, 6 женщин и 4 мужчины), студенты-теологи Хельсинкского университета; Финляндия","Обучение взрослых non-singers, рост диапазона и точности, новая идентичность",5,https://doi.org/10.15405/ejsbs.149,https://www.europeanpublisher.com/pdf/article/10.15405/ejsbs.149,"PDF открыт (200, лицензия CC BY-NC-ND), содержание передано через WebFetch со страницы статьи. Расширился диапазон, выросли точность интонирования и оценки слушателей, сложилась позитивная идентичность певца. Цитаты: ""Singing is no longer forbidden to me – it's like part of my human dignity has been restored""; ""Suddenly in a party gathering it was me who was leading the singing""."
Focus of Attention in Voice Training,"Treinkman, M.",2022 (online 2020),Journal of Voice 36(5),"Анонимный онлайн-опрос: певцы приводили дословные инструкции своих педагогов (осанка, дыхание/опора, атака, резонанс, артикуляция, зажимы); контент-анализ по внешнему/внутреннему фокусу внимания","278 взрослых певцов (18+), берущих уроки вокала; США",Язык педагога: образы/внешний фокус vs анатомические/внутренние инструкции,5,https://doi.org/10.1016/j.jvoice.2020.08.035,https://pmc.ncbi.nlm.nih.gov/articles/PMC8360264/,"Прямые данные о том, какими словами педагоги дают обратную связь: ~51% инструкций с внешним фокусом (образы, эффект), ~39% внутренний (тело/анатомия). Примеры из текста: ""Sing through the keyhole"" (внешний), ""Keep that tongue down"", ""Feel expansion in the ribs, lower belly, and lower back on the inhale"" (внутренний). Основа для функции перевода образов в понятные действия."
2024 MTNA Member Survey (Summary),"Music Teachers National Association (Thickstun K., Greene R.)",2024,"MTNA, отраслевой отчёт","опрос (бенчмаркинг, сравнение с опросами 2005 и 2020)","2 719 членов MTNA, США; трек Independent Studio — 2 815 ответов (педагог получает оплату напрямую от родителя/ученика), Higher Ed — 311, Teaching Staff — 295","бизнес студии: ставки, повышение цен, политики студии, маркетинг, оплата, удержание учеников, ПО, доходы",5,https://www.mtna.org/_Library/_documents/MemberSurvey2024_Summary.pdf,https://www.mtna.org/_Library/_documents/MemberSurvey2024_Summary.pdf,"Единственный крупный количественный источник по бизнесу частных студий в США (англоязычный рынок): цены, политики, удержание, используемое ПО. PDF открывается (HTTP 200, 1,4 МБ); текст извлечён только частично (вступление и описание выборки), конкретные цифры по ставкам не прочитаны."
Predictors of Piano Student Dropouts,"Gerelus K., Comeau G., Swirp M.",2017 (онлайн 2020),Intersections: Canadian Journal of Music 37(2),"опрос / анкеты учеников и родителей, сравнение групп","55 бросивших учеников (8–17,5 лет) и их родители против 153 продолжающих, Канада (частные уроки фортепиано); по данным поисковой выдачи","почему бросают уроки фортепиано, удержание",5,https://doi.org/10.7202/1066616ar,https://piano.uottawa.ca/wp-content/uploads/2020/10/36.-Gerelus-et-al_Dropouts-2017.pdf,"Типичный бросивший начал в 7 лет, занимался около 5 лет и бросил в 12; у бросивших ниже автономная мотивация и сильнее амотивация, свои способности они оценивают ниже. Прямо про удержание учеников в частной студии. PDF открывается (HTTP 200); цифры взяты из сниппетов поиска, полный текст целиком не прочитан."
Assessment Practices and Beliefs of Secondary Choir Teachers,Ben Kambs,2025,Update: Applications of Research in Music Education,опрос (онлайн-анкета),"182 учителя хоров средней/старшей школы, Индиана, США",оценивание в школьном хоре K-12,5,https://doi.org/10.1177/87551233241236684 (ERIC EJ1472015),https://journals.sagepub.com/doi/pdf/10.1177/87551233241236684?download=true,"По аннотации, учителя хоров по-прежнему ставят оценки в основном за посещаемость и участие, а не за вокальные навыки, хотя уже есть технологии индивидуальной оценки. Это прямая ниша для инструмента, который измеряет прогресс каждого певца. Полный текст не читался."
"Singing Together, Yet Apart: The Experience of UK Choir Members and Facilitators During the Covid-19 Pandemic","Daffern H., Balmer K., Brereton J.",2021,Frontiers in Psychology 12:624474,Онлайн-опрос (кросс-секционный) + тематический анализ открытых ответов,"3 948 участников (2 753 хористов, 819 руководителей), Великобритания, июль–авг 2020; в основном женщины 55–74 лет","Виртуальные хоры: multi-track запись себя, стриминг, Zoom; задержка, одиночество, тревога при записи соло",5,https://doi.org/10.3389/fpsyg.2021.624474,https://pmc.ncbi.nlm.nih.gov/articles/PMC7930073/,"Самая крупная выборка взрослых любителей. Прочитан полный текст: запись соло-трека вызывала чувство уязвимости и давления у одних и давала возможность для рефлексии другим; латентность не даёт петь вместе. Цитаты: ""The additional fight with unreliable technology just makes an unsatisfactory experience really stressful""; ""I really wanted to join in but singing alone to a screen made me sad rather happy"". Подтверждает боли: страх слышать/записывать себя, техника как барьер, потребность в сообществе"
AI-assisted feedback and reflection in vocal music training: effects on metacognition and singing performance,"Li, Cui, Manoharan, Dai, Liu, Huang",2025,Frontiers in Psychology,Смешанные методы: квазиэксперимент 6 недель + интервью/рефлексивные записи,"80 будущих учителей музыки 18–21 лет (38 эксп., 42 контр.), провинция Гуйчжоу, Китай","Запись себя + ИИ-обратная связь (чат-бот Yuanbao, инструмент сравнения аудио)",5,https://doi.org/10.3389/fpsyg.2025.1598867,https://pmc.ncbi.nlm.nih.gov/articles/PMC12400964/,"Метакогниция выросла, а пение — нет (разница групп незначима). Цитаты: ""By recording, I felt that I would pay attention to little details...I often compared the teacher's recording with my own.""; ""Transitioning from aimless practice to having comparable recordings allows us to see whether our progress reflects improvement."" Прямо про запись себя и «бесцельную практику» дома"
2021 COVID Pandemic Survey Report (NATS & PracticeCraft),National Association of Teachers of Singing; PracticeCraft,2021,NATS (industry report),"Survey of NATS members and the wider singing industry (Q2 2021) with open answers; more than 1,400 open 'lessons learned' responses coded into 50 categories","1,538 singing teachers and industry professionals (mainly USA/NATS)","Online singing lessons, loss of income, challenges and isolation during COVID",5,https://nats.org/cgi/page.cgi/_article.html/What_s_New/Majority_of_singing_teachers_plan_to_teach_online_post-pandemic_according_to_survey,https://www.nats.org/_Library/COVID_19_Resource_Docs/2021_COVID_Pandemic_Survey_Report_v19_HiRes.pdf,"Largest survey specific to singing teachers. 17% taught remotely before the pandemic and about 60% plan to continue. 59% lost income, and 34% changed or lost a job. Verbatim quotes from the PDF: 'Teaching remotely, while imperfect, is very doable.'; 'It's not pleasant, but it's possible. Remote performing is not good. Internet lag is awful.'; 'Remote lessons are different. Not as good as in-person lessons, but they work, and many students who could not get here in person studied more regularly remotely.' Directly relevant to Voice Family's online format."
Compassionate Music Teaching with Adults Learning Recreationally in Lessons: A Narrative Inquiry,"Leahy, Kaitlyn Sarah",2024,"DMA dissertation, Boston University (ERIC ED645014)","Qualitative narrative inquiry: two semi-structured interviews per participant (average 66 minutes), lesson observations (live or on video) and artifacts","USA: 5 private music teachers of recreational adult learners (Emily, Sage, Blaze, Dan, Elaine); instruments vary","Teaching adult recreational learners in one-to-one lessons: adult-specific needs, relationship, learner autonomy",5,https://hdl.handle.net/2144/47893,https://open.bu.edu/server/api/core/bitstreams/800d981a-96bd-4037-bcec-f1e8bb8eba58/content,"A rare study of teaching adults (not children) in private lessons, which is Voice Family's core segment. It describes how teachers adapt to adults' lives, prior experience and identity, and leave room for the learner's voice in decisions. Full text is open, so verbatim teacher quotes can be pulled."
Fostering singing agency through emotional differentiation in an inclusive singing environment,Lauri A. Hogle,2021,Research Studies in Music Education,"Феноменология, нарративный анализ интервью","15 взрослых, называющих себя non-singers и испытывающих дискомфорт от пения при других; США (из аннотации)","Singing agency, стыд, «ранящие» эпизоды, стратегии защиты, личные определения «хорошего пения»",5,https://doi.org/10.1177/1321103X20930426,,"Прочитана только аннотация (ERIC EJ1301562). Темы: ранящие эпизоды → ощущение дефицита, «инвалидности» и стыда; личные стратегии защиты singing agency; препятствия; собственные определения хорошего пения. Прямо про сегмент «я не умею петь» и про безопасную среду. Цитат нет."
I have a voice but I just can't sing: a narrative investigation of singing and social anxiety,Carlos R. Abril,2007,Music Education Research 9(1),"Нарративное исследование: дневники участниц, интервью, полевые записи за 10 недель",3 студентки педагогического направления (elementary education) с тревогой при пении; США,"Singing anxiety, социальная тревога, корни в школьной музыке",5,https://doi.org/10.1080/14613800601127494,,"Прочитаны аннотация и описания из выдачи. Тревога возникает только в социальном контексте, из-за страха оценки (self-presentation theory). Все участницы связывают её с негативным опытом в школьной музыке; главные источники убеждений — учителя музыки и семья. Цитат нет."
Examining the Empathic Voice Teacher,"Fletcher, Heather; Davidson, Jane W.; Krause, Amanda E.",2024,Research Studies in Music Education (ERIC EJ1432907),Интервью + наблюдение индивидуальных уроков; интерпретативный феноменологический анализ (IPA),"27 педагогов классического вокала и мюзикла, Австралия (70% женщины, 35–75 лет); 7 из них наблюдались на уроках","Отношения педагог–студент, коммуникация и обратная связь на уроке",5,https://doi.org/10.1177/1321103X231172065,,"Интервью и наблюдения вокальных педагогов: как они подстраивают обратную связь под студента (эмпатия, коммуникация, забота). Полезно для сценария интервью с педагогами. Прочитана только аннотация, цитат нет."
An Analysis of the Impact of Teacher Feedback on Voice Students' Self-Determination,"Kress, Ollie",2024,Contributions to Music Education (ERIC EJ1428148),"Кейс-стади: наблюдения уроков, индивидуальные интервью с педагогом и студентами, анализ материалов",1 частный педагог вокала и 3 его студента; страна по аннотации не указана (журнал США),"Обратная связь педагога и мотивация студентов (автономия, компетентность, связанность)",5,https://eric.ed.gov/?id=EJ1428148,,"Прямо про обратную связь в частной вокальной студии: на самоопределение студентов влияли автономия, компетентность, связанность, уверенность, внешнее одобрение и позитивное подкрепление. Выборка маленькая; прочитана только аннотация."
"""Singing-it-Safe"": Using the Behavior Change (COM-B) Model to Understand Australian Conservatorium Singing Students' Vocal Health Behaviors","Lau, Timothea; Bickford, J.; Mitchell, Helen F.",2026,Journal of Voice,"Итеративные полуструктурированные интервью, тематический анализ по модели COM-B","Педагоги вокала, студенты-вокалисты и логопеды-фониатры, Австралия (консерватория Сиднейского университета); число участников в аннотации не указано",Здоровье голоса студентов-вокалистов,5,https://doi.org/10.1016/j.jvoice.2026.01.023,,"Студентам не хватает знаний анатомии и физиологии, поэтому они слабо соблюдают вокальную гигиену, не могут описать проблему и не спешат к специалисту. Педагоги заботятся о студентах, но им трудно сделать понятия о здоровье голоса доступными. Статья, вероятно, в открытом доступе (© The Authors), но ScienceDirect вернул 403. Продолжения: программа Singing-it-Safe (Delphi, 2026) и её оценка (2026)."
Characteristics of Independent Music Teachers,"Upitis R., Abrami P.C., Brook J., Boese K., King M.",2017,Music Education Research,опрос (self-report survey),"1 468 частных (independent) музыкальных педагогов, Канада","профиль частных педагогов, практики студии, родители, практика учеников, цифровые инструменты, повышение квалификации",5,https://doi.org/10.1080/14613808.2016.1204277 (ERIC EJ1140818),,"Крупнейший опрос именно частных педагогов: сами педагоги называют главной трудностью мотивировать учеников заниматься дома (practise); описывают, как родители поддерживают обучение; отношение к цифровым инструментам сильно разнится. Прямо про нашу ЦА. Полный текст закрыт (Unpaywall: not OA), выводы по аннотации ERIC."
Parental involvement in children's independent music lessons,"Upitis R., Abrami P.C., Brook J., King M.",2016,Music Education Research,"из аннотации неясно (аннотация в Crossref отсутствует; тот же канадский исследовательский проект, что и Characteristics of IMTs)",из аннотации неясно,участие родителей в частных уроках музыки,5,https://doi.org/10.1080/14613808.2016.1202220,,"Единственная найденная работа, прямо посвящённая роли родителей именно в независимых (частных) студиях — ключевая для болей про родителей и домашнюю практику. Полный текст закрыт, нужно искать версию автора (Queen's University)."
An Examination of Methods Used to Teach Practice Strategies in the College Voice Studio,Melissa Baughman,2017,Update: Applications of Research in Music Education,"опрос (анкета, составленная автором)",46 преподавателей вокала в аккредитованных вузах трёх штатов Среднего Запада США,вокальные студии в вузах: как учат студентов заниматься самостоятельно,5,https://doi.org/10.1177/8755123315593325 (ERIC EJ1125011),,"Прогресс отслеживают через дневники и журналы занятий, а единого метода обучать студентов-вокалистов самостоятельным занятиям не выявлено. Это аргумент за структурированную домашнюю практику с обратной связью. Прочитана только аннотация."
Collaborative learning and choral confidence: the role of peer interactions in building confident amateur choirs,Michael Bonshor,2020,"Music Performance Research, vol. 10",3 фокус-группы и 16 полуструктурированных интервью (40 часов),"Взрослые хористы-любители, Великобритания (та же выборка, что в статье 2017 года)","Уверенность, взаимное обучение, поддержка сверстников",4,https://musicperformanceresearch.org/wp-content/uploads/2020/12/MPR-0142-Bonshor-copyedited_FINAL.pdf,https://musicperformanceresearch.org/wp-content/uploads/2020/12/MPR-0142-Bonshor-copyedited_FINAL.pdf,"Полный текст прочитан. Уверенность растёт через командную работу, взаимное обучение и неформальных лидеров. Цитаты: ""I'll never be able to do this — I can't do this""; ""I'm dreading this, I'm absolutely dreading this, because I know I just don't know this"" → ""I did it!""; ""Yeah, they think it's OK too! I'm not completely doolally"". Аргумент в пользу сообщества и peer-поддержки."
Creating Space for Reflection: Meaning-Making Feedback in Instrumental/Vocal Lessons,"Sandberg-Jurström, Ragnhild",2022,Frontiers in Education,"Видеонаблюдение уроков, социально-семиотический анализ (речь, тело, музыка)","18 видеозаписанных уроков: 6 педагогов и 6 студентов педагогического направления, одно музыкальное учебное заведение, Швеция; вокал и инструменты",Типы обратной связи: «договаривающаяся» (рефлексия студента) vs «контролирующая» (повтори за мной),4,https://doi.org/10.3389/feduc.2022.842337,https://www.frontiersin.org/journals/education/articles/10.3389/feduc.2022.842337/full,"Наблюдения показывают, что традиция «мастер–подмастерье» ограничивает рефлексию студента, хотя учреждение требует её развивать. Аргумент за инструменты, которые поддерживают самостоятельную рефлексию. Смешанная выборка: вокал и инструменты."
Gesture as a Tool of Communication in the Teaching of Singing,"Nafisi, Julia",2010,Australian Journal of Music Education (ERIC EJ916794),"Видеонаблюдение уроков пения, категоризация жестов","Уроки 5 педагогов уровня консерватории (Conservatorium); страну в аннотации не проверял — вероятно, Австралия","Образы, метафоры и жесты vs фактическое (научное) объяснение на уроке",4,https://eric.ed.gov/?id=EJ916794,https://files.eric.ed.gov/fulltext/EJ916794.pdf,"Описывает давний спор «фактического» и «образного» стиля преподавания и показывает, что жесты работают как визуализация образов и физиологии. Полезно для визуальной обратной связи. PDF скачивается (HTTP 200), текст не разобран."
Gestures and Body-Movements in the Teaching of Singing: A Survey into Current Practice in Australia and Germany,"Nafisi, Julia S. A.",2014,Australian Journal of Music Education (ERIC EJ1061970),Опрос членов двух профессиональных ассоциаций педагогов вокала,Педагоги вокала из Германии и Австралии; размер выборки в аннотации не указан,Невербальные и образные средства обратной связи на уроке,4,https://eric.ed.gov/?id=EJ1061970,https://files.eric.ed.gov/fulltext/EJ1061970.pdf,"Большинство педагогов регулярно используют жесты, чтобы объяснить физиологию и музыкальные идеи, и просят студентов повторять эти движения. Отмечен большой разброс и индивидуальность приёмов, то есть отсутствие единого языка. Близкая версия — EJ1016900 (BJME 2013, только Германия)."
In-Person or Virtual? Assessing the Impact of COVID-19 on the Teaching Habits of Voice Pedagogues,"Murdaugh, K.; Hausknecht, J. B.; Herbst, C. T.",2022 (online 2020),Journal of Voice 36(5),Международный онлайн-опрос (апрель–май 2020),"387 педагогов вокала, разные страны",Онлайн-уроки вокала: что можно и нельзя оценить дистанционно,4,https://doi.org/10.1016/j.jvoice.2020.08.027,https://pmc.ncbi.nlm.nih.gov/articles/PMC7553062/,"Педагоги лишь умеренно довольны онлайн-уроками. Хуже всего по видеосвязи оцениваются чисто акустические параметры (динамический диапазон, спектр), потому что стандартные платформы оптимизированы под речь. Это прямой аргумент за инструменты анализа звука."
The Use of Digital Tools by Independent Music Teachers,"Upitis R., Abrami P.C., Boese K.",2016,IADIS International Conference on Mobile Learning (ERIC ED571442),опрос (с открытыми ответами),"1 468 частных педагогов, Канада","цифровые инструменты, саморегуляция учеников между уроками",4,https://eric.ed.gov/?id=ED571442,https://files.eric.ed.gov/fulltext/ED571442.pdf,"Показывает, что частные педагоги ценят цифровые инструменты для саморегуляции практики учеников, но есть группа, которая категорически против технологий на уроках, — прямой сигнал для позиционирования и онбординга продукта. PDF открывается (HTTP 200)."
Parting Ways With Piano Lessons: Comparing Motivation Between Continuing and Dropout Piano Students,"Gerelus K., Comeau G., Swirp M., Huta V.",2020,"Bulletin of the Council for Research in Music Education, No. 225","опрос, сравнение продолжающих и бросивших (теория самодетерминации)","из аннотации неясно (канадские ученики фортепиано; вероятно, связано с выборкой 2017 года)",мотивация и отсев учеников фортепиано,4,https://doi.org/10.5406/bulcouresmusedu.225.0045,https://static1.squarespace.com/static/5b885f5431d4df9709f6ebf5/t/601e235a5ec1fc131bcef17f/1612587867460/BCRME+Summer+2020+Gerelus.pdf,"Продолжение работы о том, почему бросают: сравнение мотивации. Аннотация начинается с 'Piano teachers believe that dr…' — сопоставляет убеждения педагогов с данными. PDF открывается (копия JSTOR на сайте автора; HTTP 200), текст прочитан только частично."
The key reasons for dropout in Slovenian music schools – a qualitative study,"Kavčič Pucihar M., Habe K., Rotar Pance B., Laure M.",2024,Frontiers in Psychology,"полуструктурированные фокус-группы, качественный контент-анализ","6 бросивших учеников (7–14 лет), 6 родителей, 6 педагогов по инструменту, 6 педагогов по теории, 5 директоров; Словения (государственные музыкальные школы)","причины отсева: конкуренция с другими занятиями, подход педагога, автономия/компетентность/связанность",4,https://doi.org/10.3389/fpsyg.2024.1385840,https://pmc.ncbi.nlm.nih.gov/articles/PMC11170109/,"Качественные данные с дословными цитатами всех сторон (прочитано через PMC): 'There are lots of activities... It is exhausting, and then one thing has to fall away. Typically, this is the music school.'; 'We have a gap between what is taught in music school and what they would like to learn.' Не частные студии, но механизм отсева переносим."
Interaction in instrumental learning: the influence of interpersonal dynamics on parents,"Creech A., Hallam S.",2009,International Journal of Music Education 27(2),опрос (часть британского исследования; системная теория),"родители учеников, изучающих инструмент (скрипка), Великобритания; точное число из аннотации неясно","треугольник педагог–ученик–родитель, удовлетворённость родителей",4,https://doi.org/10.1177/0255761409102318,https://discovery.ucl.ac.uk/id/eprint/1507445/1/Creech2009Interaction94.pdf,"Удовлетворённость родителей сильнее всего зависит от межличностных факторов: воспринимаемого лидерства педагога, амбиций родителей и взаимности в общении — прямо про коммуникацию с родителями в частной студии. PDF открывается (UCL Discovery, HTTP 200)."
Parental Support in the Development of Young Musicians: A Teacher's Perspective from a Small-Scale Study of Piano Students and Their Parents,Margiotta M.,2011,Australian Journal of Music Education (ERIC EJ952004),"кейс-стади, наблюдение (педагог-исследователь)","34 родителя и 34 ученика фортепиано автора в частной студии, частной школе и консерватории; Австралия",поддержка родителей на уроках и в домашней практике,4,https://eric.ed.gov/?id=EJ952004,https://files.eric.ed.gov/fulltext/EJ952004.pdf,"Наблюдение изнутри частной студии за тем, как участие родителей на уроках и в практике влияет на результаты, и как дети к этому относятся. PDF открывается (HTTP 200)."
Improving Students' Intrinsic Motivation in Piano Learning: Expert Teacher Voices,"Cheng Z., Southcott J.",2016,Australian Journal of Music Education (ERIC EJ1146385),интервью (феноменологический кейс-стади),"3 опытных педагога фортепиано, Австралия","внутренняя мотивация учеников, удержание",4,https://eric.ed.gov/?id=EJ1146385,https://files.eric.ed.gov/fulltext/EJ1146385.pdf,Стратегии опытных частных педагогов для поддержания мотивации и продолжения занятий; есть голоса педагогов. Выборка маленькая. PDF открывается (HTTP 200).
Burnout and Perceived Agency among Texas Choir Teachers,"Jessica Nápoles, Jamey Kelley, Thomas J. Rinn",2023,Journal of Research in Music Education 71(3),опрос (Maslach Burnout Inventory и шкала воспринимаемой агентности учителя) плюс регрессионный анализ,"151 учитель хора, Техас, США",выгорание учителей хора,4,https://doi.org/10.1177/00224294221126889 (ERIC EJ1392795),https://journals.sagepub.com/doi/pdf/10.1177/00224294221126889?download=true,"Эмоциональное истощение предсказывают низкая воспринимаемая агентность, работа в школе Title 1, небольшой стаж и часы подработки. Отсюда видно, какие боли учителей хора (нагрузка, контроль) продукт может снять. Прочитана только аннотация."
Dissonance in the Studio: An Exploration of Tensions within the Apprenticeship Setting in Higher Education Music,Kim Burwell,2016,International Journal of Music Education,"кейс-стади (видеозапись уроков с детальной транскрипцией, анкета, интервью)","1 студент вуза, недовольный подходом своего преподавателя (часть более широкого проекта, Великобритания)",индивидуальные занятия в вузе (студии): конфликт между студентом и педагогом,4,https://doi.org/10.1177/0255761415574124 (ERIC EJ1120380),https://unsworks.unsw.edu.au/bitstreams/be8df417-cd29-42cd-b3e3-d62a4328a113/download,"Проблемы коммуникации и негибкости в студии один на один. Прямо касается болей студентов-вокалистов из-за обратной связи педагога. PDF открывается (HTTP 200), можно брать цитаты."
Issues of Dissonance in Advanced Studio Lessons,Kim Burwell,2019,Research Studies in Music Education,качественное исследование (интервью и наблюдение уроков),"2 студента вуза, недовольные своими педагогами (Великобритания)","индивидуальные занятия в вузе: соотношение видов работы на уроке, очерёдность реплик, поддержка",4,https://doi.org/10.1177/1321103X18771797 (ERIC EJ1211849),https://unsworks.unsw.edu.au/bitstreams/42909473-40a8-45c8-b9fc-7edaaa82f76a/download,"Показывает, как выглядит плохой урок: кто сколько говорит, есть ли поддержка. Годится для чек-листа наблюдения урока и вопросов в собственных интервью. PDF открывается (HTTP 200)."
Effects of Visual and Auditory Feedback in Violin and Singing Voice Pitch Matching Tasks,"Blanco A.D., Tassani S., Ramirez R.",2021,Frontiers in Psychology 12:684693,Рандомизированный эксперимент,"47 начинающих взрослых (~28–31 лет) + 15 экспертов-скрипачей, Испания","Визуальная обратная связь по высоте тона vs слуховая, у новичков",4,https://doi.org/10.3389/fpsyg.2021.684693,https://www.frontiersin.org/journals/psychology/articles/10.3389/fpsyg.2021.684693/full,"Визуальный дисплей высоты + знание результата дал устойчивое улучшение (81–105 центов) при переносе, слуховая подсказка — эффект только во время помощи. Ссылается на прежние интервью: слуховая обратная связь не показывает, в какую сторону исправлять. Прямых цитат нет"
Risks and Rewards of Individual Online Music Lessons: Teachers' Perspectives,Pike P.D.,2021,International Journal of Innovations in Online Education,Смешанные методы: опрос + 9 кейс-интервью,"80 частных/независимых педагогов музыки (в т.ч. вокал, преобладает фортепиано), Луизиана, США",Частные онлайн-уроки: кто остался онлайн и почему,4,https://doi.org/10.1615/IntJInnovOnlineEdu.2021039378,https://onlineinnovationsjournal.com/streams/visual-and-performing-arts/1c27b59107b8a762.html,"Только 19% продолжили онлайн к концу года; успешные меняли темп урока, добавляли асинхронные видео от учеников, переходили к ученико-центрированному подходу; неуспешные не пользовались внешними микрофонами/наушниками и не просили присылать записи. В доступном тексте — пересказ автора, а не дословные цитаты участников"
"Making Music: Learning, Playing and Teaching in the UK in 2021 (ABRSM Making Music Report 2021)",ABRSM (with Critical Research),2021,ABRSM (industry report),"Survey: online omnibus surveys, learner survey weighted to ONS population figures, plus a teacher survey (Feb–Apr 2020) and a separate June 2020 survey on lockdown teaching; repeats questions from 2014 for trend comparison","UK: 1,726 children (5–17), 1,505 adults (18+), 2,485 music teachers","Participation in music making, lessons (including singing lessons), why people give up, barriers (cost), teachers' digital technology use and move online",4,https://gb.abrsm.org/en/abrsm-making-music/,https://www.abrsm.org/sites/default/files/2023-08/web_abrsm-making-music-uk-21.pdf,"Large, representative benchmark. From the PDF itself: 43% of adults make music and 27% of adults currently play an instrument. Adults report stopping at age 18 on average. Participation in singing lessons did not change between 2014 and 2020. 71% of teachers say cost is a barrier, and 18% of adults who never played cite cost. 87% of teachers moved lessons online in 2020, and 90% use digital technology. Top reason children give up is 'I lost interest/didn't want to learn anymore' (50%). Useful for market sizing and churn hypotheses; figures are UK only."
2024 MTNA Member Survey: Summary Data & Insights,"Music Teachers National Association (Thickstun K., Greene R.; letter by Shepard B.)",2024,MTNA (industry report),"Benchmarking online survey (Oct–Dec 2024) in three tracks (independent studio, higher education, teaching staff), with open comments from 411 members; compared with the 2005 and 2020 surveys","USA: 2,719 MTNA members (2,815 independent-studio track responses, 311 higher education, 295 teaching staff); mostly piano teachers","Independent music studios: rates, policies, make-up lessons, online teaching, hours spent on business tasks, challenges for the next five years",4,https://www.mtna.org/Business_Resources.html,https://www.mtna.org/_Library/_documents/MemberSurvey2024_Summary.pdf,"Read in the PDF: average hourly independent-studio rate is $65.72 (median $60), and about 2.8 hours a week go to bookkeeping and business tasks. Open comments list struggles to earn a sustainable income, keeping students engaged in the digital age, parents who do not understand the value of lessons, teacher burnout, overscheduled students who miss lessons, weak motivation, and a need for more options for adults and online-only students. This is direct evidence of private-teacher pains (business admin, retention, motivation), though piano-heavy."
A Study in Effective Teaching Methods for Jazz Voice Technique in Higher Education,"McLean, Jenna",2021,"Doctor of Arts dissertation, University of Northern Colorado (ERIC ED666541)",Qualitative: interviews with experienced jazz voice educators,20 jazz voice teachers in higher education (mostly USA),"Voice pedagogy for CCM/jazz: vocal technique, trends in private instruction, curricula",4,https://digscholarship.unco.edu/dissertations/754/,https://digscholarship.unco.edu/cgi/viewcontent.cgi?article=1749&context=dissertations,Shows the gap in pedagogical knowledge for contemporary styles and the wide variety of teaching approaches. This matters for a product that serves pop/CCM singers. The landing page says the PDF is open; direct curl returns 403 (bot protection) but it opens in a browser.
Interpersonal Practices in Individualized Voice Teaching: A Mixed-method Study of Pedagogical Similarities and Differences between Teachers of Singing and Speech-language Pathologists,"Smith, Brianna",2021,"PhD dissertation (Vocal Pedagogy), University of Nebraska–Lincoln",Mixed methods (survey plus qualitative data),Teachers of singing and speech-language pathologists; exact numbers not clear from the landing page,"Interpersonal practices, feedback and the teacher–student relationship in one-to-one voice teaching",4,https://digitalcommons.unl.edu/musicstudent/161,https://digitalcommons.unl.edu/cgi/viewcontent.cgi?article=1162&context=musicstudent,"Produces an inventory of positive interpersonal practices in one-to-one voice teaching, relevant to how feedback is built into the product. The landing page shows the PDF as downloadable (9.3 MB); direct fetch returns 403."
Can't sing? Won't sing? Aotearoa/New Zealand 'tone-deaf' early childhood teachers' musical beliefs,"Nicola Swain, Sally Bodkin-Allen",2014,British Journal of Music Education,Опрос (количественные и открытые вопросы),"40 педагогов дошкольного образования, называющих себя «tone-deaf»; Новая Зеландия","Tone deaf как самоярлык, стыд, истоки убеждений",4,https://doi.org/10.1017/S0265051714000278,,"Прочитана только аннотация (ERIC EJ1047069). Участники считают себя немузыкальными и стесняются пения. Убеждения сложились через друзей, семью и школу. Поют по работе, но с чувством неловкости. Цитат нет."
Developing singing confidence in early childhood teachers using Acceptance and Commitment Therapy and group singing: A randomized trial,"Nicola Swain, Sally Bodkin-Allen",2017,Research Studies in Music Education,Рандомизированное испытание: ACT (разговорная терапия) против группового пения,"40 педагогов, называющих себя uncertain singers; Новая Зеландия",Вмешательства для повышения singing confidence,4,https://doi.org/10.1177/1321103X17700141,,"Прочитана только аннотация (ERIC EJ1141208). Оба подхода значимо повышают уверенность; групповое пение лучше снижает ощущение «tone-deafness». Доказательство, что самоярлык меняется за короткий курс."
To Sing or Not to Sing: A study on the development of 'non-singers' in choral activity,"Helen Richards, Colin Durrant",2003,Research Studies in Music Education 20,"Наблюдение в течение 7 месяцев, анкеты, интервью",Взрослые non-singers в классе пения при учреждении образования для взрослых; Великобритания (число из аннотации неясно),"Развитие non-singers, миф «либо умеешь, либо нет»",4,https://doi.org/10.1177/1321103X030200010501,,"Прочитана только аннотация (Crossref). Пение развивается, и отношение меняется при бережном руководстве. Ключевая старая работа. По ссылке во вторичном источнике (Bodkin-Allen 2019) авторы пишут, что заявлять о неспособности петь ""culturally acceptable and even cool"". Цитат участников нет."
"Lived Experiences of Adult Caregiver ""Nonmusicians"" and ""Nonsingers"" in Early Childhood Music Classes","Karen Salvador, Saleel Adarkar Menon","2024 (online), 2025 (issue)",Journal of Research in Music Education,"Феноменология, интервью в течение 10-недельного курса","6 взрослых (родители), называющих себя nonmusicians/nonsingers; США (из аннотации)","Self-identified tone deaf (около 17% взрослых), изменение отношения к своему голосу",4,https://doi.org/10.1177/00224294241247578,,"Прочитана только аннотация. Участники изменили представление о том, кто такой музыкант, лучше относятся к своему голосу, больше получают удовольствия от пения и охотнее поют. Цитат нет."
"Establishing an empirical profile of self-defined ""tone deafness"": Perception, singing performance and self-assessment","Karen J. Wise, John A. Sloboda",2008,Musicae Scientiae 12(1),"Эксперимент и самооценка: перцептивные и певческие тесты, сравнение с контрольной группой","13 взрослых, считающих себя tone deaf, и контрольная группа; Великобритания",Tone deafness как самоярлык и реальные способности,4,https://doi.org/10.1177/102986490801200102,,"Прочитана только аннотация. Около 17% взрослых на Западе называют себя tone deaf, но большинство из них не страдает амузией. В обиходе tone deaf означает «плохо пою». Самоярлык расходится с реальными навыками — ключевой аргумент для продукта. Версии на ResearchGate и Academia не проверялись."
Why Do Singers Use Imagery?,"DeSantis, Brianna; Deck, Sarah; Hall, Craig; Roland, Sophie",2022,Research Studies in Music Education (ERIC EJ1351568),"Анкета собственной разработки: 4 субшкалы (техника, тревожность, цели, образ персонажа)","Певцы-студенты и профессионалы; размер и страна в аннотации не указаны (авторы из Western University, Канада)",Использование образов певцами,4,https://doi.org/10.1177/1321103X221081984,,"Певцы чаще всего используют образы для передачи персонажа и чувства, реже для целей, вокальной техники и тревожности. Различий между студентами и профессионалами нет. Уточняет, где образы реально работают. Связанная диссертация DeSantis «See It and Believe It» есть в открытом репозитории ir.lib.uwo.ca/etd/7489 (не проверял)."
Characteristics of Expert Vocalists' Practice,"Summitt, Nancy L.; Weidner, Brian N.",2022,International Journal of Music Education (ERIC EJ1348914),Опрос (Vocal Practice Survey) с открытыми комментариями,"79 преподавателей вокала в вузах и участников профессиональных хоров; вероятно, США (в аннотации не указано)","Практика вокалистов: планирование, длительность, стратегии, ресурсы",4,https://doi.org/10.1177/02557614211063996,,"Даже у экспертов практика сильно различается по частоте, длительности и структуре. Из ресурсов почти все используют фортепиано и зеркало, доминируют холистические стратегии. Даёт ориентир для функций домашней практики."
Students' Experience with Vocal Injury in Undergraduate Performing Arts Training Programs,"Suddeth, Christine J.; Flynn, Amanda",2025 (online 2022),Journal of Voice 39(2),Онлайн-опрос (распространялся через соцсети и email),Студенты бакалавриата исполнительских искусств с травмой голоса; США (Pace University); размер в аннотации не указан,"Травмы голоса, поддержка педагога и факультета",4,https://doi.org/10.1016/j.jvoice.2022.09.010,,"Выделяет роль отношений педагог–студент, сроков диагностики и работы всего факультета, когда студент восстанавливается после травмы голоса. Материал для темы здоровья голоса и сценария интервью."
Vocal Pedagogues Training Dysphonic Voices: Treatment Seeking Approaches and Practices,"Fleming, R.; Weekly, E. M.; Carroll, L. M.",2026 (online 2024),Journal of Voice 40(4),Онлайн-опрос членов профессиональных вокальных организаций,"786 педагогов вокала; вероятно, США (в аннотации не указано)",Здоровье голоса: работа педагогов с дисфонией; источники знаний о науке о голосе,4,https://doi.org/10.1016/j.jvoice.2024.03.007,,"48% педагогов работали с певцом после дисфонии или операции, но мало у кого есть подготовка логопеда. Педагоги делают упор на дыхание, логопеды — на резонанс и снижение фонотравмы. О науке о голосе педагоги узнают из журналов, конференций и от врачей. Крупная выборка."
A Survey of Equipment in the Singing Voice Studio and Its Perceived Effectiveness by Vocologists and Student Singers,"Gerhard, Julia; Rosow, David E.",2016,Journal of Voice 30(3),Два опроса: вокологи и студенты-вокалисты,26 вокологов и 66 студентов-вокалистов; США (University of Miami),Оборудование и технологии обратной связи в вокальной студии,4,https://doi.org/10.1016/j.jvoice.2015.03.012,,"По 11 из 17 предметов студенты оценивают полезность оборудования и технологий ниже, чем специалисты. Самыми эффективными обе группы считают клавиши и зеркало. Важно для позиционирования визуальной обратной связи."
Digital Listening Tools to Facilitate Children's Self-Regulation of Instrumental Music Practice,"Wan L., Crawford R., Jenkins L.",2023,Journal of Research in Music Education (ERIC EJ1367337),"множественный кейс-стади: полуструктурированные интервью и наблюдение за практикой, 22 недели","1 педагог фортепиано и 4 ученика 8–10 лет, Австралия","домашняя практика, саморегуляция, приложение для практики между уроками",4,https://doi.org/10.1177/00224294221093521,,"Проверка приложения для практики между уроками: цифровые инструменты помогают самостоятельной работе, но только при постоянной поддержке педагога. Прямой аналог продуктовой гипотезы. Полный текст закрыт; открыт сопутствующий обзор тех же авторов: https://files.eric.ed.gov/fulltext/EJ1438533.pdf"
Applied Music Studio Teachers in Higher Education: Evidence of Learner-Centred Teaching,"Ryan Daniel, Kelly A. Parkes",2019,Music Education Research,опрос,54 преподавателя индивидуальных занятий в вузах из 4 стран,индивидуальные занятия в вузах: педагогическая подготовка преподавателей,4,https://doi.org/10.1080/14613808.2019.1598345 (ERIC EJ1214743),,"Многие преподаватели индивидуальных занятий не учились педагогике формально, и это видно по тому, как они описывают своё преподавание. Аргумент за инструменты поддержки преподавателя, включая совместителей. Прочитана только аннотация."
"Instrumental and Vocal Teachers in the United Kingdom: Demographic Characteristics, Educational Pathways, and Beliefs about Qualification Requirements","Naomi Norton, Jane Ginsborg, Alinka Greasley",2019,Music Education Research,онлайн-опрос (закрытые и открытые вопросы),"496 преподавателей инструмента и вокала, Великобритания","преподаватели вне школы (частные, музыкальные службы, community-сектор): квалификация и подготовка",4,https://doi.org/10.1080/14613808.2019.1656181 (ERIC EJ1232413),,"Мало у кого есть педагогическая подготовка. Описаны профиль и карьерные пути вокальных и инструментальных педагогов в англоязычной стране. Прочитана только аннотация, по Unpaywall открытой версии нет."
Real-Time Feedback in the Singing Studio: An Innovatory Action-Research Project Using New Voice Technology,"Welch G.F., Howard D.M., Himonides E., Brereton J.",2005,Music Education Research 7(2),"Action research: дневники, наблюдения, интервью, аудио/видео уроков","2 педагога и их взрослые ученики (от любителей до профессионалов), 2 студии, Англия",Визуальная обратная связь в реальном времени (спектрограммы и т.п.) на уроке вокала,4,https://eric.ed.gov/?id=EJ691364,,"Ключевое (старое) качественное исследование: технология меняет поведение педагога и опыт ученика, делая обратную связь «более осмысленной». Прочитана только аннотация, цитат нет; открытый текст не найден"
Effects of Real-Time Visual Feedback on Pre-Service Teachers' Singing,"Leong S., Cheng L.",2014,Journal of Computer Assisted Learning 30(3),"Эксперимент (3 группы, 12 недель самостоятельной практики с Sing & See) + анкета","40 студентов — будущих учителей музыки (Гонконг, по аннотации)",ПО визуальной обратной связи Sing & See для самостоятельной практики,4,https://doi.org/10.1111/jcal.12046,,Улучшение тембра в экспериментальных группах; большинство участников в анкете положительно оценили VFT для самостоятельной тренировки. Прочитана только аннотация
Current Attitudes Toward Voice Studio Teaching Technology: A Bicoastal Survey of Classical Singing Pedagogues,"Barnes-Burroughs K., Lan W.Y., Edwards E., Archambeault N.",2008,Journal of Voice 22(5),Опрос,"педагоги классического вокала, восточное и западное побережье США (N из аннотации неясно)",Использование технологий в вокальной студии и готовность педагогов,4,https://doi.org/10.1016/j.jvoice.2006.12.004,,"Педагоги ранжируют факторы, мешающие/способствующие внедрению технологий (спектрография сложна, «студия и так работает»). Ключевое для понимания сопротивления педагогов инструментам. Только аннотация"
Novice Voice Teacher Decision Making: A Multiple Case Study in Musical Theater Voice Pedagogy,"Harrell, Joseph",2021,"PhD dissertation, Penn State University (ERIC ED642796, ProQuest 29050562)","Multiple case study: three journals, three interviews per participant, about 8–10 hours of observed teaching per participant",USA: 3 novice musical theater voice teachers (first three years of teaching) from different backgrounds,How beginning voice teachers make decisions in lessons; there is no standard path into voice teaching,4,http://gateway.proquest.com/openurl?url_ver=Z39.88-2004&rft_val_fmt=info:ofi/fmt:kev:mtx:dissertation&res_dat=xri:pqm&rft_dat=xri:pqdiss:29050562,,Shows that voice teachers often start without pedagogical training and rely on their own experience. This supports a hypothesis about demand for structure and tools among young teachers. Only the ERIC abstract was available; open full text was not found.
The Prevalence and Correlates of Accurate Singing,"Peter Q. Pfordresher, Steven M. Demorest",2020,Journal of Research in Music Education,Онлайн-тестирование точности пения (Seattle Singing Accuracy Protocol) и демографическая анкета с музыкальной самооценкой,632 добровольца из общей популяции (онлайн),"Насколько распространено точное пение, связь с самооценкой, обучением и возрастом",3,https://doi.org/10.1177/0022429420951630,https://ubwp.buffalo.edu/apal-pfordresher/wp-content/uploads/sites/79/2022/01/PfordresherDemorest_2021_JRME.pdf,"PDF автора открыт (200), выводы взяты из аннотации. Точность пения сильно варьирует, но большинство поёт точно. Самовосприятие, обучение и возраст независимо связаны с точностью. Количественный противовес мифу «я не умею петь»."
Studio Piano Teaching in Australia: An Exploration of the Teaching Materials and Practices Used by Teachers for Older Beginner Piano Students,"Burrows J., Brown J.",2020,Australian Journal of Music Education (ERIC EJ1272179),анонимный опрос,"239 частных (studio) педагогов фортепиано, Австралия/Австралазия",материалы и практики обучения начинающих подростков 12–17 лет,3,https://eric.ed.gov/?id=EJ1272179,https://files.eric.ed.gov/fulltext/EJ1272179.pdf,Как частные педагоги выбирают материалы и оценивают их слабые места для «поздних» начинающих — пример проблем с содержанием уроков в студии. PDF открывается (HTTP 200).
Measuring parental involvement as parental actions in children's private music lessons in China,Cui (инициал в Crossref не указан),2023,Frontiers in Psychology,"опрос, разработка шкалы (EFA/CFA)","894 родителя детей 5–12 лет, 20 провинций Китая","уровни участия родителей в частных уроках (проактивность, пассивность, избегание)",3,https://doi.org/10.3389/fpsyg.2022.1061765,https://www.frontiersin.org/journals/psychology/articles/10.3389/fpsyg.2022.1061765/full,Даёт типологию родительского участия именно в частных уроках; полезна для сегментации родителей. Рынок не англоязычный. Открытый доступ (HTTP 200).
"Practice, Performance, and Anxiety: A Pilot Study on Student Perception of Parental Involvement and Formal Music Lessons","Ryan C., Boucher H., Ryan G.",2023,Music & Science,"опрос (анкеты, шкалы тревожности и самооценки)",62 ученика фортепиано 11–17 лет; страна из аннотации неясна,"участие родителей, время практики, сценическая тревожность",3,https://doi.org/10.1177/20592043221145000,https://doi.org/10.1177/20592043221145000,"Музыкальное образование самих родителей связано с тревожностью ребёнка на сцене; значимы также возраст, самооценка и время практики. Unpaywall отмечает открытый доступ, но WebFetch получил 403 от SAGE, поэтому текст не прочитан."
"""The Children Are Not Okay"": Choir Teachers' Perceptions of Students Post Shutdowns",Thomas J. Rinn,2025,Journal of Music Teacher Education,"качественное исследование (интервью, учебный год 2021–2022)","3 учителя хора старшей школы, США","хоры K-12 после COVID: отток учеников, потеря навыков, психологическое состояние, технологии",3,https://doi.org/10.1177/10570837241238355 (ERIC EJ1457088),https://journals.sagepub.com/doi/pdf/10.1177/10570837241238355?download=true,"Темы исследования: страх оттока учеников, потеря навыков, психологические последствия, неравенство, новые способы использовать технологии в хоре. Годится для гипотез об удержании участников и цифровых инструментах в школьном хоре. Прочитана только аннотация."
"A Survey of Elementary and Secondary Music Educators' Professional Background, Teaching Responsibilities and Job Satisfaction in the United States","Wendy K. Matthews, Karen Koner",2017,Research & Issues in Music Education 13(1),крупный опрос (49 пунктов),"7463 музыкальных педагога K-12, члены NAfME, 2015–2016, США",рабочая нагрузка и удовлетворённость работой музыкальных педагогов,3,https://commons.lib.jmu.edu/rime/vol13/iss1/2/,https://commons.lib.jmu.edu/cgi/viewcontent.cgi?article=1071&context=rime,Самая большая выборка по теме. Описывает профиль учителя (89% в государственных школах) и связь удовлетворённости с вовлечённостью учеников. Годится как база для оценки рынка и сегментации. Страница открывается через WebFetch; PDF через curl отдаёт 403 (защита от ботов). Сам PDF не читался.
Conservatory Students' Music Performance Anxiety and Educational Expectations: A Qualitative Study,"Hepsen Okan, Buse Usta",2021,Asian Journal of Education and Training,"качественное исследование (полуструктурированные интервью, контент-анализ)","студенты консерватории, классическая западная музыка, Турция; число участников из аннотации неясно",экзамены перед комиссией (juries) и сценическая тревожность,3,https://eric.ed.gov/?id=EJ1321985,https://files.eric.ed.gov/fulltext/EJ1321985.pdf,"Главная причина сценической тревожности — негативная оценка, отношение и поведение комиссии на экзаменах и прослушиваниях. Прямо про боль экзаменов перед комиссией. PDF открывается (HTTP 200). Выборка не англоязычная."
Using mobile applications in the study of vocal skills,Han Y.,2022,Education and Information Technologies,Эксперимент (3 группы: традиционно / +Vox Tools / +Swiftscales),"177 студентов вокала 18–23 лет, 3 вуза Китая, 2020–2021",Мобильные приложения для вокала,3,https://doi.org/10.1007/s10639-022-11268-1,https://pmc.ncbi.nlm.nih.gov/articles/PMC9374284/,"Группы с приложениями опередили контроль на 4–8%. Нет данных о восприятии студентами (опросов/интервью нет) — слабее для болей, но полезно как доказательство эффекта приложений"
Exploring the Influence of the Pivot to Online Instrumental Lessons During the COVID-19 Pandemic on Chinese Music Students in a U.K. University,Xia J.,2021,International Journal of Innovations in Online Education,Полуструктурированные интервью,"5 магистрантов-исполнителей (фортепиано, вокал/флейта), китайцы, вуз Великобритании","Онлайн-уроки, автономная практика, запись себя",3,https://doi.org/10.1615/IntJInnovOnlineEdu.2021039138,https://onlineinnovationsjournal.com/streams/course-design-and-development/5c8f4c56145058ea.html,"Задержки сети, отсутствие аккомпанемента; рост автономии и привычки записывать себя. Цитата: ""I record the whole piece while I am practicing, and then listen to it repeatedly...listening to my own recording captured details that I did not notice."" (P2). Малая выборка"
Investigating Virtual Teaching Experiences: Perspectives of Undergraduate Student Teachers in Singing and Choral Techniques,Ngobeni N.C.,2024,"International Journal of Learning, Teaching and Educational Research 23(2)","Глубинные интервью, тематический анализ (TAM)","30 студентов 3 курса модуля «Singing and Choral Techniques», Восточная Капская провинция, ЮАР",Онлайн-обучение пению в вузе,3,https://doi.org/10.26803/ijlter.23.2.9,https://ijlter.org/index.php/ijlter/article/view/9403,Мотивацию онлайн поддерживают управление временем и интерактивность; нужна поддержка и обучение педагогов. Страница статьи с PDF открыта (прямой PDF отдал 406 на curl); цитаты не извлечены
Finding the Rhythm: Teaching Choral Music during the COVID-19 Pandemic,"Hassman B., Carlson K., Smith M.H., Fox D., Dargin T., Tu A., Dowdall J.",2023,ERIC EJ1382158 (журнал см. в записи ERIC),Качественное исследование (голоса педагогов),"хормейстеры старших школ, США (N из аннотации неясно)",Хоровое обучение в пандемию: трудности и неожиданные плюсы,3,https://eric.ed.gov/?id=EJ1382158,https://files.eric.ed.gov/fulltext/EJ1382158.pdf,"Смена учебных планов, эмоциональные нужды учеников, инновации для пост-пандемийного обучения. PDF открывается (HTTP 200), но текст извлечь не удалось — только аннотация"
What We Can Learn from the 2020 MTNA Member Survey,"Klingenstein, Beth Gigante",2023,"MTNA Business Digest, Vol. 2, Issue 4","Secondary analysis of the 2020 MTNA member survey, compared with 2005","USA, MTNA members; sample size not stated in the article","Economics of the private teacher: rates, income, how often rates are raised, top concerns",3,https://www.mtna.org/Learn.html,https://www.mtna.org/Learn.html,"Average 60-minute rate in 2019–20 was $56.58, flat in real terms since 2005. Only 11.4% raise rates every year. 51.78% earn under $25k gross a year, and two-thirds work part-time. The top 2020 concerns were overscheduled students, student motivation and public health. Confirms low income and weak pricing power among independent teachers."
American Attitudes Toward Making Music (Gallup survey for NAMM),Gallup Organization for NAMM,2009,NAMM press release,"Telephone survey, margin of error ±3 points","USA: 1,000 respondents aged 12+, Feb–Mar 2009","Adult demand to learn music, barriers",3,https://www.namm.org/news/press-releases/new-gallup-survey-namm-reflects-majority-americans-agree-many-benefits-playing,https://www.namm.org/news/press-releases/new-gallup-survey-namm-reflects-majority-americans-agree-many-benefits-playing,"85% of non-players wish they had learned to play, 69% would like to learn, and 96% believe musical skills can be learned at any age. The main barriers are lack of time (40%) and other interests (26%). This is the source of the widely cited demand figures for adult beginners. It covers instruments, not singing, and the data are old (2009). Only the press release was found, not the full report."
Vocal Pedagogy Training for Vocal Music Education Students,"Hinds, Melissa N.",2025,"PhD dissertation (Music Education), Liberty University","Qualitative grounded theory: survey, structured interviews, rehearsal observations, focus group",USA: secondary-school choir teachers; exact number not clear from the landing page,Choir teachers' preparation in voice pedagogy; applying it in rehearsals,3,https://digitalcommons.liberty.edu/doctoral/7829,https://digitalcommons.liberty.edu/cgi/viewcontent.cgi?article=8888&context=doctoral,"The central problem it states: choir teachers enter the profession with insufficient vocal pedagogy training to teach their ensembles adequately. Relevant to the institutions segment (K-12 choirs). The PDF link is on the repository page (curl returns 403, bot protection)."
"My Body, My Instrument: How Body Image Influences Vocal Performance in Collegiate Women Singers","Brown, Kirsten Shippert",2021,"EdD dissertation, Teachers College, Columbia University (ERIC ED666761)","Qualitative, feminist framework: focus group, month-long audio diaries after practice sessions, lessons and performances, and individual interviews",USA: 4 collegiate women singers (classical),"Body image, self-objectification and their effect on singing; emotional side of lessons",3,https://academiccommons.columbia.edu/doi/10.7916/d8-d9mv-ha05,https://academiccommons.columbia.edu/doi/10.7916/d8-mky8-jd82/download,"Documents singers' sense of a split between their 'everyday body' and their 'singer's body', leading to restriction, unawareness and inconsistency in singing. Relevant to self-image of the voice and emotional barriers. Full-text PDF opens (200, application/pdf)."
"""I Am Unmusical!"": The Verdict of Self-Judgement","Eve Ruddock, Samuel Leong",2005,International Journal of Music Education,Кейс-стади (интервью),"4 взрослых немузыканта (юрист, преподаватель педвуза, учитель, госслужащий); Австралия",Самоярлык «немузыкальный» и отказ от занятий музыкой,3,https://doi.org/10.1177/0255761405050927,,Прочитана только аннотация (ERIC EJ845414). Главное последствие самооценки — человек лишает себя активного музицирования. Цитат нет.
The Role of Choral Singing in the Lives of Amateur Choral Singers in Iceland,"Sigrun Lilja Einarsdottir, Helga Rut Gudmundsdottir",2016,Music Education Research 18(1),Бумажный опрос,Участники 10 любительских хоров; Исландия (n в аннотации не указано),Мотивация взрослых любителей,3,https://doi.org/10.1080/14613808.2015.1049258,,"Прочитана только аннотация. Сильнейшие мотиваторы — личное удовольствие от пения и позитивная социальная атмосфера; различия по полу, возрасту и образованию."
Stylistic Pluralism and the Experiences of Classically Trained Teachers of Singing in the Republic of Ireland,"Fahey, Hannah",2021,International Journal of Music Education (ERIC EJ1303814),Глубинные качественные интервью,"Педагоги вокала с классическим образованием, Ирландия; число в аннотации не указано",Содержание урока: классика vs мюзикл/поп (CCM),3,https://doi.org/10.1177/0255761421991247,,"Показывает, как педагоги-классики переносят неявные классические установки на преподавание популярного вокала. Это даёт контекст для пробелов в содержании урока и языке обратной связи в CCM-жанрах."
Learning a musical instrument: The influence of interpersonal interaction on outcomes for school-aged pupils,"Creech A., Hallam S.",2011 (онлайн 2010),Psychology of Music 39(1),опрос,"337 учеников-скрипачей, Великобритания","контроль и отзывчивость в отношениях с педагогом и родителями и результаты обучения (самооценка, самоэффективность, удовольствие)",3,https://doi.org/10.1177/0305735610370222,,Количественная связь стиля взаимодействия педагог/родитель–ученик с мотивацией и результатами. Полный текст закрыт (Unpaywall: not OA).
"Transitioning from Student to Teacher in the Master-Apprentice Model of Piano Pedagogy: An Exploratory Study of Challenges, Solutions, Resources, Reflections, and Suggestions for the Future",Slawsky M.M.,2011,"диссертация, ProQuest (ERIC ED533403)",полуструктурированные интервью,"12 педагогов фортепиано разного возраста и стажа, США","как учатся преподавать, трудности, нужные навыки (в т. ч. бизнес)",3,https://eric.ed.gov/?id=ED533403,,"По выдаче поиска: педагоги подчёркивают, что для успешной студии нужны бизнес-навыки, которым их не учили. Это подтверждает боль «я музыкант, а не бизнесмен». Полного текста в ERIC нет."
A Phenomenological Study of the Experiences and Teaching Strategies of Private Music Instructors Working with Elementary School Students,Fusu-Kommidi A.M.,2023,"диссертация, ProQuest (ERIC ED636842)",качественное феноменологическое исследование (интервью),"частные музыкальные педагоги детей младшего школьного возраста, США (Калифорния); число из аннотации неясно",опыт и стратегии частных педагогов,3,https://eric.ed.gov/?id=ED636842,,"Свежая работа об опыте частных педагогов США, которые восполняют пробелы школьного музыкального образования. Полного текста в ERIC нет."
Teachers' Opinions of Student Dropout from Formal Music Education Centres of the Canary Islands,"Lorenzo Socorro S., Escandell Bermúdez M.O., Castro Sánchez J.J.",2016,Music Education Research (ERIC EJ1108632),опрос (анкета),"185 педагогов формальных музыкальных центров, Канарские острова (Испания)",причины отсева и стратегии его предотвращения глазами педагогов,3,https://eric.ed.gov/?id=EJ1108632,,Педагоги видят большое влияние учителя на результаты ученика и важность мотивации для профилактики отсева. Это взгляд преподавателей на удержание. Контекст — не частные студии. Полный текст закрыт.
A Phenomenological Exploration of the Co-Teaching Experiences of Associate Choir Teachers in Texas,"Jessica Nápoles, Jamey F. Kelley, Julianna LoBiondo",2024,Journal of Music Teacher Education,"качественное исследование (дескриптивная феноменология, по 2 интервью с каждым участником за 4 месяца)","12 ассоциированных дирижёров хора средней и старшей школы со стажем в должности от 3 лет, Техас, США","организация хоровых программ, иерархия и наставничество",3,https://doi.org/10.1177/10570837231216723 (ERIC EJ1423791),,"Три темы: совместимость с главным дирижёром, наставничество, иерархия. Показывает, кто в хоровой программе принимает решения, а это роли будущих покупателей и пользователей. Прочитана только аннотация."
Investigating Burnout among Elementary and Secondary School Music Educators: A Replication,H. Christian Bernhard II,2016,Contributions to Music Education,опрос (шкала выгорания),258 школьных музыкальных педагогов из ассоциации одного штата на северо-востоке США,выгорание музыкальных педагогов,3,https://eric.ed.gov/?id=EJ1102834,,"Сильнее всего выгорают начинающие учителя и те, кто совмещает общую музыку, хор и оркестр или работает сразу на нескольких ступенях. Это подсказывает, для какого сегмента учителей экономия времени на оценивании особенно ценна. Прочитана только аннотация."
Development of Real-Time Visual Feedback Assistance in Singing Training: A Review,"Hoppe D., Sadakata M., Desain P.",2006,Journal of Computer Assisted Learning 22(4),"Обзор (4 системы: SINGAD, ALBERT, Sing & See, WinSINGAD и их оценки)","обзор, нет собственной выборки",Визуальная обратная связь в реальном времени,3,https://doi.org/10.1111/j.1365-2729.2006.00178.x,,Базовый обзор эффективности и пользовательской оценки ПО визуальной обратной связи — точка отсчёта для функций приложения. Только аннотация
Preservice Music Educators' Perceptions of Online Synchronous Fieldwork: A Case Study,Mercado E.M.,2023,Journal of Music Teacher Education 32(2),"Инструментальный кейс (качественный, рамка Community of Inquiry)","будущие учителя музыки, дающие онлайн-уроки вокала школьникам, США (N из аннотации неясно)",Синхронные онлайн-уроки вокала детям,3,https://doi.org/10.1177/10570837221124839,,Технические трудности синхронного формата мешали дойти до интеграции/решения задач на уроке. Только аннотация
"A Mixed Methods Exploration of Perfectionism, Stress, and Burnout among PreK-12 Music Educators in the United States","Paetz, Allison Mella",2024,"PhD dissertation (ERIC ED657979, ProQuest 31358097)","Mixed methods: national survey (stress, burnout, perfectionism) plus a phenomenology built from written narratives and semi-structured interviews",USA: national sample of preK-12 music teachers; exact number not clear from the abstract,Burnout among music teachers,3,https://gateway.proquest.com/openurl?url_ver=Z39.88-2004&rft_val_fmt=info:ofi/fmt:kev:mtx:dissertation&res_dat=xri:pqm&rft_dat=xri:pqdiss:31358097,,Finds a strong link between perfectionistic concern and emotional exhaustion. Perfectionism decreases with age and experience. Relevant to the institutional segment and to teacher burnout. Only the abstract was available.
"Musical Theater Education: Alumni Perceptions on the Integration of Musical Theater Vocal Pedagogy, Technique, and Repertoire within Voice Programs at Ohio Public Universities","Schmidt, Alexandria R.",2022,"Dissertation (ERIC ED648125, ProQuest 29444579)",Survey (pilot),USA (Ohio): 24 alumni of university voice programs,University voice studios: shortage of CCM/musical theater teaching,3,http://gateway.proquest.com/openurl?url_ver=Z39.88-2004&rft_val_fmt=info:ofi/fmt:kev:mtx:dissertation&res_dat=xri:pqm&rft_dat=xri:pqdiss:29444579,,"Alumni are dissatisfied with the amount of musical theater in voice programs, and those interested in musical theater felt discouraged. Supports the LoVetri & Weekly (2003) finding that most voice teachers teach musical theater without training in it. Small sample; abstract only."
"""This does not sound like me""? Vocal identity negotiation in one-to-one voice teaching",Congzhi Lin,2026,Frontiers in Psychology,"Полуструктурированные интервью, тематический анализ","20 студентов-вокалистов 21–32 лет из консерваторий и вузов Китая, Южной Кореи, России, Латвии и США","Восприятие собственного голоса, расхождение живого звучания и записи, зависимость от оценки педагога",2,https://doi.org/10.3389/fpsyg.2026.1928649,https://www.frontiersin.org/journals/psychology/articles/10.3389/fpsyg.2026.1928649/full,"Открытый доступ, содержание передано через WebFetch. Выборка — студенты-профессионалы, а не взрослые начинающие, поэтому значимость средняя. Тема самооценки голоса и записи себя. Цитата: ""The reason I rejected the new voice was my conviction that this pedagogical method was incompatible with my current vocal condition"" (S15)."
Canadian Music Teachers' Burnout and Resilience through the Second Wave of the COVID-19 Pandemic,Laidlaw J.,2023,Canadian Journal of Educational Administration and Policy (ERIC EJ1410209),"смешанный: онлайн-опрос, анкета, фокус-группы","218 школьных музыкальных педагогов, Манитоба, Канада",выгорание и устойчивость,2,https://eric.ed.gov/?id=EJ1410209,https://files.eric.ed.gov/fulltext/EJ1410209.pdf,"Отдельного исследования выгорания частных педагогов не нашлось; это ближайший источник с открытым текстом, но выборка — школьные педагоги. Использовать только как косвенное свидетельство. PDF открывается (HTTP 200)."
Negotiating Versatility and Specialisation: On Music Teachers' Identification with Subject Positions in Norwegian Municipal Schools of Music and Performing Arts,Anne Jordhus-Lier,2021,International Journal of Music Education,качественное исследование (16 интервью с учителями и анализ документов),"16 учителей муниципальных школ музыки и исполнительских искусств, Норвегия",внешкольные общественные музыкальные школы (community music schools): учителя между специализацией и «школой для всех»,2,https://doi.org/10.1177/0255761421989113,https://doi.org/10.1177/0255761421989113,"Единственное найденное исследование с интервью учителей внешкольной общественной музыкальной школы. Показывает конфликт между подготовкой к специализации и инклюзией. Unpaywall отмечает статью как открытую (SAGE OA), но полный текст не открывался и не читался. Выборка не англоязычная."
Opinions of Music Teacher Candidates on Determining the Suitability of the Distance Education Model for the Voice Education Course,Ekici T.,2022,Turkish Online Journal of Educational Technology (TOJET),Качественное исследование (опрос мнений),"студенты — будущие учителя музыки, Турция (N из аннотации неясно)",Дистанционные уроки постановки голоса,2,https://eric.ed.gov/?id=EJ1337920,https://files.eric.ed.gov/fulltext/EJ1337920.pdf,"Вывод: дистанционная модель не подходит для практического курса голоса. Полезно как контраргумент/ограничение. Только аннотация, PDF доступен"
The Opinions and Suggestions of Choral Educators Regarding Their Distance Choral Education Experiences,"Nart S., Dogan C.",2024,Pegem Journal of Education and Instruction,"Онлайн-опрос, описательный анализ",хормейстеры из разных стран (N из аннотации неясно),Дистанционное хоровое обучение,2,https://eric.ed.gov/?id=EJ1431999,https://files.eric.ed.gov/fulltext/EJ1431999.pdf,Рекомендации по организации онлайн-среды и методов для практических занятий голосом. Только аннотация
"Teaching musical instruments during COVID-19: teachers assess struggles, relations with students, and leveraging",Vaizman T.,2022,Music Education Research 24(2),полуструктурированные интервью,"14 педагогов по инструменту и вокалу, Израиль","дистанционные индивидуальные уроки: технические трудности, отношения с учениками",2,https://doi.org/10.1080/14613808.2022.2053512,,Опыт педагогов индивидуальных уроков (включая вокал) при переходе в онлайн. Полный текст закрыт (Unpaywall: not OA).
"""It Felt Like I Had Air Back in My Lungs"": Eleanor's Journey Back from Burnout",Allison M. Paetz,2021,Journal of Music Teacher Education,нарративное исследование (3 полуструктурированных интервью и 2 наблюдения),"1 учитель ансамбля средней/старшей школы, США",выгорание музыкального педагога и возвращение в профессию,2,https://doi.org/10.1177/1057083720984438 (ERIC EJ1286943),,"Выгорание связано с неподходящим местом работы; поддержка сообщества возвращает мотивацию. Дополняет количественные данные о выгорании. Прочитана только аннотация, по Unpaywall открытой версии нет."
Investigating Voice Classification Protocols of Higher Education Applied Voice Faculty and Ensemble Directors: A Quantitative Causal-Comparative Study,"Huggins, Kristin A.",2023,"Dissertation (ERIC ED633783, ProQuest 30315021)","Cross-sectional online survey, causal-comparative design",USA: 90 full-time voice faculty and ensemble directors in higher education,How voice teachers determine a student's voice type (tessitura and other criteria),2,http://gateway.proquest.com/openurl?url_ver=Z39.88-2004&rft_val_fmt=info:ofi/fmt:kev:mtx:dissertation&res_dat=xri:pqm&rft_dat=xri:pqdiss:30315021,,There is no single system of voice classification; teachers rely mainly on tessitura. This bears on the product's voice-type and range assessment. Abstract only.
