id,name_ru,name_en,skill,coach,how,fixes,level,home_safe,url,video_title,match,same_video_as_old_catalog
N-AG-01,Упражнение на дыхание и подвижность голоса,Vocal Exercise for Breathing and Agility,AGILITY,Cheryl Porter,"Пойте за коучем подвижный пассаж и следите сразу за несколькими вещами: точная интонация, стабильная позиция гласных, включённая диафрагма, лёгкое вибрато на финальной ноте.","Мелизмы «плывут» по интонации, беглость без опоры, дыхание кончается на быстрых пассажах.",средний,да,https://www.youtube.com/watch?v=nBQH1c20xbs,Vocal Exercise for Breathing and Agility,видео целиком об этом упражнении,
N-AG-02,Простое упражнение на рифы и раны,How to Sing Riffs and Runs (Dr Dan),AGILITY,Dr Dan Robinson,"Разберите простой паттерн для рифов (в стиле Бейонсе, Мэрайи Кэри, Джесси Джей, Тори Келли) по шагам: медленно по нотам, потом в темп.","Рифы выходят смазанными и неточными, голос неподвижный.",средний,да,https://www.youtube.com/watch?v=ZsYwPjY5JGg,How to Sing RIFFS and RUNS | Vocal Exercises | #DrDan,видео целиком об этом упражнении,
N-AG-03,Три сложных упражнения (челлендж для продвинутых),Three Difficult Singing Exercises,AGILITY,Dr Dan Robinson,"Попробуйте спеть три сложных упражнения из видео. Разбирайте каждое медленно и ускоряйтесь, только когда оно получается чисто.","Не хватает координации, точности и подвижности голоса у опытных певцов.",продвинутый,после показа педагогом,https://www.youtube.com/watch?v=bP_gVrRQn9s,Can you sing these three difficult singing exercises? | #DrDan,видео целиком об этом упражнении,
N-AG-04,Вибрато как тренировка скорости рифов,Fast riffs & runs through vibrato,AGILITY,Eric Arceneaux,"Развивайте быстрое свободное вибрато на долгих нотах, затем переносите эту лёгкость и скорость в рифы. Главное, чтобы не было напряжения.","Рифы тяжёлые и медленные из-за зажима, голос недостаточно гибкий.",средний,да,https://www.youtube.com/watch?v=J77rmc3EYBc,"If you want fast riffs & runs, work on your vibrato",видео целиком об этом упражнении,
N-AG-05,"Упражнения для рифов, пассажей и адлибов","Exercises to Train Riffs, Runs & Adlibs",AGILITY,Freya Casey,"Отработайте упражнения из видео на рифы и пассажи, затем импровизируйте с ними: вставляйте адлибы в знакомые фразы.","Неточные, смазанные рифы; скованность в импровизации.",средний–продвинутый,да,https://www.youtube.com/watch?v=c-lYRQh6Pe4,"Freya's Singing Tips: Exercises to Train RIFFS, RUNS & ADLIBS",видео целиком об этом упражнении,
N-AG-06,Рифы и раны: начальный уровень,Riffs and Runs (Beginner),AGILITY,Jacobs Vocal Academy,"Медленно повторяйте за фортепиано короткие пассажи на слоги «ма», «и», «нэй», «мяу», «бап», «а», «мэ». Каждая нота чёткая.","Смазанные ноты в мелизмах, неточность в быстрых фразах.",начальный,да,https://www.youtube.com/watch?v=pRoSbQWmiqY,Riffs and Runs (Beginner) - Vocal Exercise,видео целиком об этом упражнении,
N-AG-07,Рифы и раны: средний уровень,Riffs and Runs (Normal),AGILITY,Jacobs Vocal Academy,"Повторяйте за фортепиано более длинные и быстрые пассажи. Ноты ровные, интонация чистая.","Мало подвижности голоса, неровность в быстрых фразах.",средний,да,https://www.youtube.com/watch?v=JFfQiXvcufU,Riffs and Runs (Normal) - Vocal Exercise,видео целиком об этом упражнении,
N-AG-08,Ежедневные рифы и раны: сложный уровень,Daily Riffs And Runs Exercises (Hard),AGILITY,Jacobs Vocal Academy,"Повторяйте за фортепиано быстрые сложные пассажи. Если сбиваетесь, разберите пассаж медленно, потом верните темп.",Потолок скорости и точности в мелизмах.,продвинутый,да,https://www.youtube.com/watch?v=xZxSi4Rd6Js,Daily Riffs And Runs Exercises (Hard),видео целиком об этом упражнении,
N-AG-09,5 базовых рифов и пассажей,5 Riffs & Runs Every Singer Needs To Know,AGILITY,Justin Stoney,"Разберите пять типовых эстрадных рифов по одному: сначала медленно по нотам, потом в темп. Каждый отрабатывайте как отдельное упражнение в разных тональностях.","Мало готового «словаря» рифов, мелизмы звучат хаотично и неточно.",средний,да,https://www.youtube.com/watch?v=YOJTjSm7gvE,5 Riffs & Runs Every Singer Needs To Know - Voice Lessons To The World Ep. 120,видео целиком об этом упражнении,
N-AG-10,Как устроены рифы и мелизмы,Understanding Riffs and Runs (Tutorials Ep.3),AGILITY,Tara Simon,"Разберите, из каких нот состоит риф, и отработайте примеры из видео: медленно, потом в темп.","Смазанные, неточные рифы и мелизмы.",средний,да,https://www.youtube.com/watch?v=8F9fKLOv7gQ,Understanding Riffs and Runs! | Tutorials Ep.3 | Riffs and Runs,видео целиком об этом упражнении,
N-BR-01,Супер-дыхательная тренировка для певцов,Super Breathing Vocal Workout,BREATH,Cheryl Porter,"Выполняйте вместе с видео блок дыхательных упражнений и упражнений на опору: вдох вниз, ровный управляемый выдох, затем пение с опорой.","Короткое дыхание, воздух кончается к концу фраз, слабая опора.",начальный–средний,да,https://www.youtube.com/watch?v=MwvdFUpUK10,SUPER Breathing Vocal Workout for SINGERS w/Vocal Coach Cheryl Porter,упражнение внутри распевки,да
N-BR-02,«Супер-диафрагма»: связь гласных и контроль челюсти,Super Diaphragm (vowel connection + jaw control),BREATH,Cheryl Porter,"Пойте цепочку гласных на одном дыхании. Переходите с гласной на гласную плавно, челюсть почти неподвижна и спокойна, опора не отпускается при смене гласной.","Лишние движения челюсти, рваная смена гласных, опора «отключается» при смене гласной.",средний,да,https://www.youtube.com/watch?v=uFznyTlHmr0,Super Diaphragm - Cheryl Porter vocal workout (EN subts),видео целиком об этом упражнении,да
N-BR-03,Профессиональная тренировка 1: продвинутое дыхание,Professional Vocal Workout 1: Advanced Breathing Technique,BREATH,Eric Arceneaux,"Выполняйте вместе с видео дыхательную часть тренировки: управляемый вдох, длинный ровный выдох, затем пение с опорой.","Не хватает дыхания на длинные фразы, слабая опора.",средний,да,https://www.youtube.com/watch?v=RMsRo6iR5xQ,"Professional Vocal Workout - Part 1 ""Advanced Breathing Technique""",упражнение внутри распевки,
N-BR-04,2 быстрых приёма для дыхания и опоры,2 Quick Tips for Better Breathing and Support,BREATH,Freya Casey,Выполните два приёма из видео и сразу проверьте их на фразе из песни.,"Слабая опора, нехватка дыхания.",начальный,да,https://www.youtube.com/watch?v=GVdIPK1P1PY,Freya's Singing Tips: 2 Quick Tips For Better BREATHING And SUPPORT,упражнение внутри распевки,
N-BR-05,4 типа дыхания,4 Breathing Types,BREATH,Justin Stoney,"По очереди сделайте вдох разными способами: ключичным, грудным, брюшным и комбинированным. Сравните ощущения и закрепите низкий вдох без подъёма плеч.","Поверхностный ключичный вдох, поднятые плечи.",начальный,да,https://www.youtube.com/watch?v=mDQoMyPmg9s,"Ep. 1 ""4 Breathing Types"" - Voice Lessons To The World",видео целиком об этом упражнении,
N-BR-06,Долгие ноты на дыхании,How To Sing Long Notes,BREATH,Ken Tamplin,"Тяните ноту и распределяйте воздух равномерно до самого конца. Звук не проседает и не дрожит, опора сохраняется до снятия.","Воздух кончается к концу ноты, звук «падает» или дрожит.",начальный,да,https://www.youtube.com/watch?v=q5aPDjuW7aI,How To Sing Long Notes - Ken Tamplin Vocal Academy,видео целиком об этом упражнении,
N-BR-07,Тренировка диафрагмы на трезвучии,Diaphragm Workout (triad arpeggio),BREATH,Kevin Richards,"Сначала сделайте упражнение на диафрагмальное дыхание, затем пойте арпеджио по трезвучию 1-3-5-3-1 с опорой на каждой ноте.","Слабая опора, звук «из горла», воздуха не хватает до конца фразы.",начальный,да,https://www.youtube.com/watch?v=QjLRHpkqp8I,Singing Lessons Have Returned - Diaphragm Workout Part 1 - Kevin Richards - TotalSinging.com,видео целиком об этом упражнении,
N-BR-08,Расширенная гамма на опору: трезвучие плюс октава,Extended Diaphragm Workout Scale (1-3-5-8-5-3-1),BREATH,Kevin Richards,"Пойте арпеджио 1-3-5-8-5-3-1 и держите опору на всей фразе, особенно на верхней ноте и при спуске.",Опора пропадает на широких скачках и длинных фразах.,начальный–средний,да,https://www.youtube.com/watch?v=tbNZANGEt4c,Singing Basics Part 2 - Extended Diaphragm Workout Scale - Kevin Richards - TotalSinging.com,видео целиком об этом упражнении,
N-BR-09,Голос как духовой инструмент: контроль потока воздуха,Your Voice is a Wind Instrument,BREATH,Madeleine Harvey,"Ведите звук ровным потоком воздуха, как на духовом инструменте. Громкость и устойчивость держатся на выдохе, а не на горле.","Мало контроля: звук «плавает», не хватает воздуха на фразу.",начальный,да,https://www.youtube.com/watch?v=z2YGWp4TYO0,How to Sing with More Control - Your Voice is a Wind Instrument,видео целиком об этом упражнении,
N-BR-10,"Больше силы в голосе, часть 1","How to sing with more power, Part 1",BREATH,Madeleine Harvey,Выполняйте упражнения первой части серии: опора и плотный звук без форсирования. Часть 3 (динамика) уже есть в каталоге.,"Слабый, тихий голос.",начальный,да,https://www.youtube.com/watch?v=6alu-b5PH8Y,"How to sing with more power, Part 1 of 3",видео целиком об этом упражнении,
N-BR-11,Дыхательный челлендж «коуч против коуча»,Coach VS Coach Breath Challenge (Ep.63),BREATH,Tara Simon,"Вместе с видео тяните ноту или выдох как можно дольше, ровно и с опорой. Записывайте свой результат и старайтесь его улучшить.","Короткое дыхание, воздух быстро кончается.",начальный–средний,да,https://www.youtube.com/watch?v=lYUPmx2ouVs,"Coach VS Coach, Breath Challenge | Tutorials Ep.63 | Vocal Exercises",видео целиком об этом упражнении,
N-DI-01,"«Артикуляционная песня» (скороговорка на согласные), дуэт",Articulation Song (duet),DICTION,Cheryl Porter,"Повторяйте за коучем короткие фразы песенки-скороговорки с плотной цепочкой согласных. Сначала медленно (у Шерил Портер есть отдельная медленная версия), потом в темпе видео. Губы и язык работают активно, челюсть свободна.","Вялая дикция, «съеденные» согласные, скованные губы и язык, согласные не попадают в ритм.",средний,да,https://www.youtube.com/watch?v=Kyo6UJMwXpY,DUET The ARTICULATION SONG w/ Vocal Coach!!,видео целиком об этом упражнении,
N-DI-02,«Опасная» гласная I (дифтонг «ай»),The Deadly 'I' Vowel,DICTION,Justin Stoney,"На словах с английским I (I, my, fly) тяните первую гласную «а», а «й» добавляйте только в самом конце ноты. Отработайте это на высоких нотах.","Зажим и «растягивание» рта на словах с I или my, особенно на высоких нотах.",средний,да,https://www.youtube.com/watch?v=YAOqF2lc57Q,"Ep. 38 ""The Deadly I Vowel"" - Voice Lessons To The World",видео целиком об этом упражнении,
N-DI-03,Твёрдые (взрывные) согласные,Hard Consonants,DICTION,Justin Stoney,"Пойте фразы с t, k, p, d, g, b: согласная короткая и чёткая, произносится губами и языком, а звуковая линия между гласными не прерывается.","Согласные «съедаются» или, наоборот, ломают легато и зажимают горло.",начальный,да,https://www.youtube.com/watch?v=HXLZPvGWNeE,"Ep. 8 ""Hard Consonants"" - Voice Lessons To The World",видео целиком об этом упражнении,
N-FR-01,Исправление слабых или форсированных верхов,Weak or Forced High Notes fix,FREEDOM,Chris Liepe,Сначала определите свою проблему: верх слабый и придыхательный или крикливый и зажатый. Затем выполняйте упражнения из видео для своего случая.,"Верхние ноты либо слабые и придыхательные, либо крикливые и зажатые.",средний,да,https://www.youtube.com/watch?v=rs0hvP8vKdk,Weak or Forced High Notes? Here's how to fix them!,видео целиком об этом упражнении,
N-FR-02,Снятие напряжения с шеи перед пением,Release Neck Tension for Better Singing,FREEDOM,Dr Dan Robinson,"Найдите у себя привычки, которые зажимают шею (вытянутая голова, напряжённые жилы), и отпустите мышцы шеи с помощью приёмов из видео. Затем пойте, сохраняя это состояние.","Зажатая шея, жилы на шее при пении, привычное напряжение.",начальный,да,https://www.youtube.com/watch?v=l6ADWYta6mo,Release Neck Tension for better Singing | #DrDan,видео целиком об этом упражнении,
N-FR-03,6 приёмов снятия напряжения в голосе,6 Tension-Releasing Techniques,FREEDOM,Dr Dan Robinson,"Выполните по очереди шесть приёмов из видео, которые снимают напряжение с тела и голоса. Оставьте в своей распевке те, что помогают больше всего.","Общий зажим голоса, усталость и дискомфорт при пении.",начальный–средний,да,https://www.youtube.com/watch?v=ghTg4zFWp2A,Unleash Your Singing Voice: 6 Tension-Releasing Techniques | #DrDan,упражнение внутри распевки,
N-FR-04,Ежедневное укрепление голоса 3: защита и стабилизация,Daily Voice Strengthening 3: Protect & Stabilize,FREEDOM,Eric Arceneaux,"Выполняйте вместе с видео распевку из серии Daily Voice Strengthening. Цель в ровном, стабильном звуке без форсирования.","Звук «гуляет», неустойчив, голос быстро устаёт.",начальный,да,https://www.youtube.com/watch?v=r3aSbWqrIkU,"Daily Voice Strengthening 3: ""Protect & Stabilize""",упражнение внутри распевки,
N-FR-05,Положение языка при пении,Tongue Placement,FREEDOM,Freya Casey,"Следите, чтобы кончик языка лежал у нижних зубов, а корень не давил на гортань. Выполняйте упражнения из видео и сохраняйте это положение в пении.","Язык оттянут назад, зажат и давит на гортань.",начальный,да,https://www.youtube.com/watch?v=Rt8TUzLJNUw,Freya's Singing Tips: Tongue Placement,упражнение внутри распевки,
N-FR-06,«Развод» челюсти и языка,Jaw/Tongue: The Great Divorce,FREEDOM,Justin Stoney,"Двигайте челюстью и языком по отдельности: челюсть неподвижна, работает только язык, потом наоборот. Затем пойте фразу, сохраняя эту независимость.","Челюсть и язык зажимаются вместе, звук сдавлен, дикция скованная.",начальный,да,https://www.youtube.com/watch?v=9My3MNaDpa8,Ep. 55 Jaw/Tongue: The Great Divorce - Voice Lessons To The World,видео целиком об этом упражнении,
N-FR-07,Коррекция выдвижения челюсти вперёд,Jaw Thrust correction,FREEDOM,Justin Stoney,"Пойте восходящую фразу перед зеркалом и следите, чтобы нижняя челюсть не выезжала вперёд на высоких и громких нотах. Челюсть свободно опускается вниз и назад.","Челюсть «выезжает» вперёд, появляется напряжение в шее и гортани.",начальный,да,https://www.youtube.com/watch?v=GOOQx8NTZ-4,"Ep. 35 ""Jaw Thrust"" - Voice Lessons To The World",видео целиком об этом упражнении,
N-FR-08,Коррекция оттянутого назад языка,Tongue Retraction fix,FREEDOM,Justin Stoney,"Пойте, держа кончик языка у нижних зубов, а спинку языка свободной. Следите, чтобы корень языка не уходил назад в горло, особенно на верхних нотах.","Звук «в горле», глухой и зажатый, потому что язык оттянут назад.",начальный,да,https://www.youtube.com/watch?v=pcFK4BvAOlY,"Ep. 33 ""Tongue Retraction"" - Voice Lessons To The World",видео целиком об этом упражнении,
N-FR-09,Опускание гортани,Lowering The Larynx,FREEDOM,Justin Stoney,"С помощью приёмов из видео (ощущение начала зевка, тёмная гласная) держите гортань в спокойном, невысоком положении на подъёме по диапазону. Не давите гортань вниз силой.","Гортань «прыгает» вверх на высоких нотах, звук пережатый и писклявый.",средний,да,https://www.youtube.com/watch?v=y4OWZ8JYy74,"Ep. 17 ""Lowering The Larynx"" - Voice Lessons To The World",видео целиком об этом упражнении,
N-FR-10,Как правильно выполнять базовые упражнения (главная ошибка),#1 Mistake Singers Make with Basic Exercises,FREEDOM,Kevin Richards,"Посмотрите разбор главной ошибки и повторите базовые упражнения, исправив её: осознанно, без зажима, с контролем звука.",Упражнения делаются механически или с зажимом и не дают результата.,начальный,да,https://www.youtube.com/watch?v=mOksAyEhvxE,#1 Mistake Singers Make - How to do Basic Singing Exercises - Kevin Richards,видео целиком об этом упражнении,
N-FR-11,Гласные при свободной челюсти,Relaxed-jaw vowel enunciation (Stop Vocal Strain),FREEDOM,Kevin Richards,"Выговаривайте и пропевайте гласные при расслабленной челюсти, не растягивая широко рот и лицо.","Зажатая челюсть, перенапряжение и «растянутые» гласные.",начальный,да,https://www.youtube.com/watch?v=MBcNz0pz9Jw,Free Singing Lessons / Stop Vocal Strain / Rock the Stage NYC,видео целиком об этом упражнении,
N-ON-01,Смыкание связок (Brett Manning),Vocal Cord Closure (Brett Manning),ONSET,Brett Manning (Singing Success),"Выполняйте упражнения из видео на плотное смыкание связок: звук чистый, без воздуха, но и без пережима.","Воздушный, «дырявый» звук, утечка воздуха.",средний,после показа педагогом,https://www.youtube.com/watch?v=v3zd8wHZsXY,Learn To Sing - Brett Manning - Vocal Cord Closure,видео целиком об этом упражнении,
N-ON-02,Профессиональная тренировка 2: укрепление голоса,Professional Vocal Workout 2: Voice Strengthening,ONSET,Eric Arceneaux,"Выполняйте вместе с видео силовую часть тренировки: плотное смыкание без пережима, ровный звук по гаммам. Это другое видео, не Warmup 4 из каталога.","Слабый, «тонкий» голос без плотности и выносливости.",средний,да,https://www.youtube.com/watch?v=HQTureBISTg,"Professional Vocal Workout - Part 2 ""Voice Strengthening""",упражнение внутри распевки,
N-ON-03,Упражнения на смыкание связок (Freya Casey),Vocal Cord Closure Exercises (Freya Casey),ONSET,Freya Casey,"Выполняйте упражнения из видео на чистое смыкание: звук без лишнего воздуха, мягкая, но точная атака.","Воздушный, «дырявый» звук, слабое смыкание связок.",начальный–средний,да,https://www.youtube.com/watch?v=E8yNPD8tLZQ,Freya's Singing Tips: Vocal Cord Closure Exercises,видео целиком об этом упражнении,
N-PI-01,"Весёлая распевка на ритм, синкопы и интонацию","FUN Vocal Exercise (tempo, syncopation, intonation)",PITCH,Cheryl Porter,Пойте вместе с коучем ритмичную фразу с синкопами. Попадайте в доли точно и не теряйте высоту нот на смещённых акцентах.,"Неточная интонация в ритмичных фразах, «квадратный» ритм без синкоп.",начальный–средний,да,https://www.youtube.com/watch?v=pj219prQH00,FUN Vocal Exercise (Cheryl Porter Vocal Coach),видео целиком об этом упражнении,да
N-PI-02,Приём для улучшения интонации,Secret Way To Improve Pitch,PITCH,Ken Tamplin,"Выполняйте приём из урока: слушайте ноту и попадайте в неё, проверяйте себя и сразу поправляйте высоту.","Неточная интонация, заниженные или завышенные ноты.",начальный,да,https://www.youtube.com/watch?v=GSc_iigBSOk,Secret Way To Improve Pitch - Ken Tamplin Vocal Academy,видео целиком об этом упражнении,
N-PI-03,Упражнение на точность интонации (Singing Basics 5),Better Pitch (Singing Basics 5),PITCH,Kevin Richards,"Пойте упражнение из урока за фортепиано, внимательно слушайте каждую ноту и сразу поправляйте высоту.","Неточное попадание в ноты, интонация «съезжает».",начальный,да,https://www.youtube.com/watch?v=3sXws2-Fosk,Singing Basics 5 - Better Pitch - Vocal Lessons - Kevin Richards,видео целиком об этом упражнении,
N-RA-01,Дуэт-распевка на диапазон и темп,Vocal Exercise Duet for Range & Tempo,RANGE,Cheryl Porter,"Повторяйте фразу за коучем. С каждым повтором она поднимается на полтона, а темп растёт. Если на верху появляется напряжение, остановитесь на удобной тональности.","Узкий диапазон, потеря точности при ускорении, напряжение при подъёме по тональностям.",средний,да,https://www.youtube.com/watch?v=PQynEer2JAY,Vocal Exercise DUET for RANGE & TEMPO w/Vocal Coach Cheryl Porter,видео целиком об этом упражнении,
N-RA-02,Распевка для сопрано,Vocal Exercise for Sopranos,RANGE,Cheryl Porter,"Пойте за коучем паттерн в высокой, сопрановой тесситуре. Верхние ноты берите лёгким головным звуком, не прибавляя громкости.","Зажатый верх у высоких женских голосов, неровный переход в головной регистр.",средний,"да, если не форсировать громкость на верхних нотах",https://www.youtube.com/watch?v=c-qin9xvSNY,Vocal Exercise for SOPRANOS w/ Cheryl Porter Vocal Coach!!,видео целиком об этом упражнении,
N-RA-03,Петь выше за 3 шага,Sing Higher Well in 3 Steps,RANGE,Chris Liepe,"Выполните трёхшаговую последовательность из видео и примените её к нотам, которые раньше не получались.","Потолок диапазона, недоступные верхние ноты.",средний,да,https://www.youtube.com/watch?v=6vXuXLL9uo8,Sing Higher WELL (QUICKLY) in 3 Steps. Instantly Unlock Notes That Were Off Limits!,видео целиком об этом упражнении,
N-RA-04,Пошаговый план отработки высоких фраз в песне,High Notes & Phrases Step-by-Step Practice Plan,RANGE,Chris Liepe,"Возьмите трудную высокую фразу из песни и пройдите её по плану из видео: упрощённый вариант, затем постепенное возвращение к оригиналу, без напряжения.",Высокие фразы в песнях даются с напряжением.,средний,да,https://www.youtube.com/watch?v=uChTcCFYyVw,How to Sing High Notes & Phrases (Without Strain) Step by Step Practice Plan,видео целиком об этом упражнении,
N-RA-05,Высокие ноты и белтинг с минимальным напряжением,You will sing HIGHER after this! (low-strain belting),RANGE,Dr Dan Robinson,"Выполняйте упражнения из видео: поднимайтесь выше и белтите с наименьшим усилием в горле, опираясь на дыхание и резонанс.","Зажим и крик на высоких нотах, узкий диапазон.",средний–продвинутый,после показа педагогом,https://www.youtube.com/watch?v=jR0a9q9re20,You will sing HIGHER after this! | #DrDan,видео целиком об этом упражнении,
N-RA-06,Как петь высокие ноты (урок Арсено),How To Sing High Notes (Eric Arceneaux),RANGE,Eric Arceneaux,"Выполняйте упражнения урока на подъём вверх: без крика, с опорой и свободным горлом. Верх берите так громко, как получается без усилия.",Зажим и крик на верхних нотах.,средний,после показа педагогом,https://www.youtube.com/watch?v=5Vv0WAvtIig,How To Sing - High Notes,видео целиком об этом упражнении,
N-RA-07,Три способа взять высокую ноту,How to Sing High Notes in 3 Different Ways,RANGE,Freya Casey,Спойте одну высокую ноту тремя способами из видео и сравните тембр и ощущения. Выбирайте способ под характер песни.,"Верх берётся одним «зажатым» способом, нет выбора тембра на высоких нотах.",средний,после показа педагогом,https://www.youtube.com/watch?v=pEJ4xWtONlE,Freya's Singing Tips - How to sing high notes in 3 different ways,упражнение внутри распевки,
N-RA-08,Упражнение для верхних нот (серия High Notes),High Notes Vocal Exercise,RANGE,Jacobs Vocal Academy,"Пойте за фортепиано восходящий паттерн в верхний регистр. Остановитесь там, где появляется напряжение. В серии есть и другие варианты паттерна (например, №5).",Зажим и «потолок» на верхних нотах.,средний,да,https://www.youtube.com/watch?v=qqVgY_6C0Bg,High Notes Vocal Exercise,видео целиком об этом упражнении,
N-RA-09,Опора дыхания для расширения диапазона,Increase Vocal Range with Diaphragmatic Support,RANGE,Ken Tamplin,"На восходящих упражнениях чем выше нота, тем активнее включайте опору, а горло оставляйте свободным.","Верхние ноты берутся горлом, а не опорой.",средний,да,https://www.youtube.com/watch?v=Wv3T-xA28fE,Increase Vocal Range with Diaphragmatic Support - Ken Tamplin Vocal Academy,видео целиком об этом упражнении,
N-RA-10,Простой способ расширить диапазон,Add Vocal Range – Easy Way,RANGE,Kevin Richards,"Выполняйте упражнение из урока и понемногу, по полтона, расширяйте диапазон вверх и вниз без напряжения.","Узкий диапазон, страх верхних нот.",начальный–средний,да,https://www.youtube.com/watch?v=RvIeo9NPGec,VOICE LESSON : ADD VOCAL RANGE - Easy Way - Kevin Richards Singing Lessons NYC,видео целиком об этом упражнении,
N-RA-11,Высокие ноты с силой,How to sing high with power,RANGE,Madeleine Harvey,"Выполняйте упражнения урока: верхние ноты с плотным звуком и опорой, громкость наращивайте постепенно, без крика.","Высокие ноты звучат слабо или «пусто», не хватает силы наверху.",средний,после показа педагогом,https://www.youtube.com/watch?v=VdhvIO1f4Qk,How to sing high with power,видео целиком об этом упражнении,
N-RG-01,"Беглость, соединение регистров и гласные (урок на итальянском)","Agility, register connection & vowels workout (Italian)",REGISTER,Cheryl Porter,"Пойте подвижные пассажи через переход между грудным и головным регистром. Гласные сохраняют одинаковую форму на всём пассаже. Урок на итальянском, упражнения понятны по показу.","«Ломка» между грудным и головным регистром, неровные гласные на переходе.",средний,да,https://www.youtube.com/watch?v=-wQRr8NFIDI,"Cheryl Porter Vocal Workout - Agilità vocale, collegamento registri e vocali",видео целиком об этом упражнении,да
N-RG-02,"Простой приём, чтобы найти микст",Easily Find Your Mixed Voice (tip),REGISTER,Chris Liepe,Выполните приём из видео на переходной зоне. Он подходит для любого типа голоса и помогает соединить грудной и головной звук.,"Разрыв между грудным и головным, микст не находится.",начальный,да,https://www.youtube.com/watch?v=6lz8oo6WMZQ,"Easily Find Your MIXED VOICE With THIS Tip (Sing With More Range, Any Voice Type)",видео целиком об этом упражнении,
N-RG-03,Совмещение микста и белта,Mixed Voice and Belting: Blend the Approaches,REGISTER,Chris Liepe,"Пойте одну фразу то в миксте, то в белте и учитесь плавно переходить между ними без слома и зажима.","Выбор «или микст, или белт»; белт ломается при переходе в микст.",продвинутый,только с педагогом,https://www.youtube.com/watch?v=kjqqwmtO3_M,"Mixed Voice and Belting: (BLEND the Approaches) How to Sing With Both. Expand Range, Sing Freely!",видео целиком об этом упражнении,
N-RG-04,Укрепление фальцета,How to Strengthen Your Falsetto,REGISTER,Dr Dan Robinson,"Работайте с фальцетом как с отдельным регистром: пойте упражнения из видео, добавляя звуку устойчивости и контроля. Не путайте фальцет с головным голосом.","Слабый, неустойчивый, воздушный фальцет; мало контроля в верхнем лёгком регистре.",средний,да,https://www.youtube.com/watch?v=x5-QoU4RlhM,How to Strengthen Your Falsetto Singing Voice | #DrDan,видео целиком об этом упражнении,
N-RG-05,"Сравнение грудного, головного и микста","Chest, Head & Mixed Voice Comparison",REGISTER,Dr Dan Robinson,"Спойте одну и ту же фразу поочерёдно грудным голосом, головным и микстом. Услышьте и почувствуйте разницу между ними.","Певец не различает регистры и не понимает, что такое микст.",начальный–средний,да,https://www.youtube.com/watch?v=CAGR81QFIj0,"Discover the Difference: Chest, Head, & Mixed Voice Comparison | #DrDan",видео целиком об этом упражнении,
N-RG-06,5 упражнений на микст,5 Exercises for Mixed Voice,REGISTER,Freya Casey,"Выполняйте по порядку пять упражнений из видео, которые помогают найти и укрепить микст на переходе.","Разрыв между грудным и головным, микста нет.",средний,да,https://www.youtube.com/watch?v=M5IROVRV86c,Freya's Singing Tips: 5 exercises for Mixed Register / Mixed Voice,видео целиком об этом упражнении,
N-RG-07,Упражнение на переход между головным и грудным голосом,Exercise for Transition Between Head & Chest Voice,REGISTER,Freya Casey,"Пойте упражнение из видео через зону перехода вверх и вниз. Выравнивайте громкость и тембр, чтобы смена регистра не была слышна.","Голос срывается или «ломается» на переходе, регистры меняются резко.",средний,да,https://www.youtube.com/watch?v=P_l0migS4mQ,Freya's Singing Tips: EXERCISE For Transition Between HEAD VOICE & CHEST VOICE,видео целиком об этом упражнении,
N-RG-08,5 лучших упражнений для белтинга,The 5 Best Exercises for Belting,REGISTER,Freya Casey,"Выполняйте пять упражнений из видео в удобной тесситуре, высоту поднимайте постепенно. Звук громкий, но горло свободно.","Крикливый, зажатый белт; не хватает мощи.",продвинутый,только с педагогом,https://www.youtube.com/watch?v=m9IQoJBhO8w,Freya's Singing Tips: The 5 best exercises for BELTING,видео целиком об этом упражнении,
N-RG-09,Упражнение на белтинг №1,Belting Vocal Exercise #1,REGISTER,Jacobs Vocal Academy,"Пойте за фортепиано вход в белт в удобной тесситуре: речевой, «кричащий» характер звука, но без зажима. В серии есть и более высокие варианты (например, №5).",Не получается громкий грудной или миксовый белт.,средний–продвинутый,только с педагогом,https://www.youtube.com/watch?v=HglJsyQswwA,Belting Vocal Exercise #1,видео целиком об этом упражнении,
N-RG-10,Фальцет против головного голоса (контраст),Falsetto vs. Head Voice,REGISTER,Justin Stoney,"На одной и той же высоте поочерёдно пойте придыхательным фальцетом и плотным, сомкнутым головным голосом. Прислушайтесь и почувствуйте разницу в смыкании связок.","Путаница между фальцетом и головным голосом, верх звучит только с придыханием.",средний,да,https://www.youtube.com/watch?v=qxQOespT4Bs,"Ep. 21 ""Falsetto Vs. Head Voice"" - Voice Lessons To The World",видео целиком об этом упражнении,
N-RG-11,Йодль: переключение регистров,Yodel register switching,REGISTER,Justin Stoney,"Намеренно «перещёлкивайтесь» из грудного голоса в головной и обратно, как в йодле. Звук лёгкий, без нажима. Так регистры разделяются и учатся согласованно работать вместе.","Страх «сломов», грудной и головной не разделены и не координируются.",средний,да,https://www.youtube.com/watch?v=2eSbUlbLTKw,"Ep. 23 ""Benefits Of Yodeling"" - Voice Lessons To The World",видео целиком об этом упражнении,
N-RG-12,Поиск микста по шагам,Find Your Mix Voice (step-by-step),REGISTER,Justin Stoney,"Выполняйте серию упражнений по порядку: первые шаги в части 1, последние четыре шага в части 2 (Ep. 115). Не переходите к следующему шагу, пока предыдущий не получается свободно.","Нет микста: на переходе либо тянется грудной, либо звук уходит в фальцет.",средний,да,https://www.youtube.com/watch?v=pYsO7HX84P8,"Ep. 114 ""Find Your Mix Voice"" Part 1 - Voice Lessons To The World",видео целиком об этом упражнении,
N-RG-13,Гаммы для укрепления головного голоса,Head Voice Strengthening Scales,REGISTER,Ken Tamplin,"Пойте гаммы в головном голосе вместе с видео и постепенно добавляйте звуку плотность и опору, не переходя в крик.","Слабый, тонкий, «дырявый» головной голос; громкость проваливается наверху.",средний,да,https://www.youtube.com/watch?v=G_bZEbZeRac,Voice Lessons - Head Voice Exercises - How To Strengthen Head Voice - Ken Tamplin Vocal Academy,видео целиком об этом упражнении,
N-RG-14,Мощный грудной голос,How To Get Powerful Chest Voice,REGISTER,Ken Tamplin,"Выполняйте упражнения урока: плотный грудной звук в удобной нижней и средней части диапазона, с опорой и без подъёма гортани. Громкость добавляйте постепенно.","Слабый, придыхательный грудной регистр; нет опоры внизу и в середине.",начальный,после показа педагогом,https://m.youtube.com/watch?v=X1TSD41tDtU,How To Get Powerful Chest Voice - EASY - Ken Tamplin Vocal Academy,видео целиком об этом упражнении,
N-RG-15,Стирание регистрового «перелома»,Erasing a Vocal Break (Singing Basics 7),REGISTER,Kevin Richards,"Проходите первый переход, постепенно смещая ощущение резонанса из горла в рот, а затем в голову. Громкость не прибавляйте.","Слышный «перелом», скачок между грудным и головным голосом.",средний,да,https://www.youtube.com/watch?v=Wdbj9YT1w90,Singing Basics 7 - Erasing a Vocal Break - Vocal Lessons with Kevin Richards,видео целиком об этом упражнении,
N-RG-16,Мышечная тренировка микста,Muscle Conditioning Your Mix Voice,REGISTER,Madeleine Harvey,"Регулярно выполняйте упражнения из видео, которые укрепляют координацию микста на переходе. Начинайте тихо, силу добавляйте постепенно.","Слабый или нестабильный микст, провал на переходе.",средний,после показа педагогом,https://www.youtube.com/watch?v=Jp582yOEkQk,Muscle Conditioning Your Mix Voice,видео целиком об этом упражнении,
N-RE-01,Упражнения против гнусавости,Fix Nasal Singing: Easy Exercises,RESONANCE,Dr Dan Robinson,"Выполняйте простые упражнения из видео, чтобы научиться управлять мягким нёбом. Сравнивайте ротовое и носовое звучание, например, зажимая нос на гласных.",Слишком гнусавый (гиперназальный) звук при пении.,начальный–средний,да,https://www.youtube.com/watch?v=r4WfJIS-Df8,Fix Nasal Singing: Easy Exercises to Try Now | #DrDan,видео целиком об этом упражнении,
N-RE-02,Головной голос «в маску» без придыхания,"Strengthen Head Voice (forward, mask placement)",RESONANCE,Felicia Ricci,"Пойте в головном голосе, направляя звук вперёд, в «маску» лица. Меняйте гласные, как показано в видео, убирайте лишний воздух и сохраняйте пространство во рту.","Придыхательный, рассеянный, слабый головной голос.",средний,да,https://www.youtube.com/watch?v=3b5ak_joYjc,Strengthen Head Voice & Sing with POWER - Felicia Ricci,видео целиком об этом упражнении,
N-RE-03,«НГ» для поиска резонанса в маске,Use NG to Find Mask Resonance,RESONANCE,Felicia Ricci,"Потяните звук на «нг» и почувствуйте вибрацию в области носа и лица. Затем раскройте «нг» в гласную и сохраните это ощущение, переходя к пению. В отличие от «нг»-сирены из каталога, цель здесь резонанс, а не растяжка связок.","Звук «в горле», нет яркости и лёгкости.",начальный,да,https://www.youtube.com/watch?v=3A_BtIXhOCw,"Voices Lessons: Use the ""NG"" to Find Mask Resonance & Make Singing Easier",видео целиком об этом упражнении,
N-RE-04,Мимика и лицо: как лицо влияет на звук,How Your Face Influences Your Voice,RESONANCE,Freya Casey,"Пойте фразу с разным выражением лица (лёгкая улыбка, приподнятые скулы, нейтральное лицо) и сравните тембр. Закрепите положение, при котором звук ярче и свободнее.","Тусклый тембр, зажатое или «мёртвое» лицо при пении.",начальный,да,https://www.youtube.com/watch?v=9_FTx2E1Zk0,Freya's Singing Tips: How Your FACE Influences Your VOICE,упражнение внутри распевки,
N-RE-05,Резонансное упражнение на слог «Мэй»,Resonance Vocal Exercise (on 'May'),RESONANCE,Jacobs Vocal Academy,"Пойте за фортепиано гамму на слог «мэй»: «м» задаёт вибрацию в маске, а открытая «эй» сохраняет её. Есть второй вариант паттерна на тот же слог.","Глухой, «задний» звук; нет яркости и опоры в маске.",начальный,да,https://www.youtube.com/watch?v=EY9Xy8CdYlc,Resonance Vocal Exercise (On May),видео целиком об этом упражнении,
N-RE-06,Ежедневный комплекс на резонанс,Daily Vocal Resonance Exercises,RESONANCE,Jacobs Vocal Academy,Выполняйте каждый день вместе с видео подборку резонансных упражнений под фортепиано.,"Тусклый тембр, слабая проекция.",начальный–средний,да,https://www.youtube.com/watch?v=9tIeMkEeJRo,Daily Vocal Resonance Exercises For Singers,упражнение внутри распевки,
N-RE-07,«Волшебная» гласная И,The Magic EE Vowel,RESONANCE,Justin Stoney,"Пойте фразы на звонкую, собранную «И»: она легко даёт смыкание и яркость. Затем сохраняйте то же ощущение, переходя на другие гласные.","Звук глухой или с придыханием, мало звонкости и смыкания.",начальный,да,https://www.youtube.com/watch?v=IKCe0_ukl8E,"Ep. 54 ""The Magic EE Vowel"" - Voice Lessons To The World",видео целиком об этом упражнении,
N-RE-08,Открытая гласная «О»,The Open 'Oh' Vowel,RESONANCE,Justin Stoney,"Пойте фразы на открытую, округлую «О» с высоким мягким нёбом и свободным горлом. Не «сжимайте» гласную губами.","Узкий, плоский звук, закрытое горло на округлых гласных.",начальный,да,https://www.youtube.com/watch?v=4MGTAjklUQ4,"Ep. 61 ""The Open ""Oh"" Vowel"" - Voice Lessons To The World",видео целиком об этом упражнении,
N-RE-09,Резонанс в головном голосе,Head Voice Resonance,RESONANCE,Ken Tamplin,"Пойте в головном голосе и направляйте звук вперёд, добиваясь звонкости, а не воздушности. Приёмы показаны в уроке.","Глухой, «пустой» головной голос без звонкости и полётности.",средний,да,https://www.youtube.com/watch?v=FLzh8TwNeAk,Head Voice Resonance - How To Sing Tutorial - Ken Tamplin Vocal Academy,видео целиком об этом упражнении,
N-RE-10,Расширение диапазона с силой и полётностью,Extend Your Vocal Range with Power & Projection,RESONANCE,Madeleine Harvey,"Выполняйте упражнения из видео: поднимайтесь по диапазону, сохраняя яркий, «летящий» звук с опорой и не зажимая горло.","Голос не «летит», теряет силу при расширении диапазона.",средний,после показа педагогом,https://www.youtube.com/watch?v=6r07Gn87kWE,Extend Your Vocal Range - Sing with Power & Projection,видео целиком об этом упражнении,
N-ST-01,10 любимых поп-упражнений Бретта Мэннинга,Brett Manning's Top 10 Pop Exercises,STYLE,Brett Manning (Singing Success),"Пойте вместе с видео подборку из 10 упражнений для поп-вокала. Упражнения, которые уже есть в каталоге (nay, mum, gee), можно пропускать.","Нет поп-звучания, слабый микст.",средний,да,https://www.youtube.com/watch?v=mYaicBcsUAI,Brett Manning's Top 10 Pop Exercises - Singing Success,упражнение внутри распевки,да
N-ST-02,Динамичный микст: краски и громкость в миксте,Dynamic Mixed Voice,STYLE,Chris Liepe,"Пойте фразы в миксте и меняйте громкость и окраску: тише и мягче, ярче и плотнее. Связь регистров при этом не теряйте.","Микст звучит плоско и однообразно, нет динамики.",средний,да,https://www.youtube.com/watch?v=_3oFW6774BA,What's MISSING from Your Mixed Voice... (And How to Make It WAY More Dynamic & Interesting),видео целиком об этом упражнении,
N-ST-03,Последняя нота: как завершение фразы помогает петь лучше,How The Last Note Can Help You Sing Better,STYLE,Freya Casey,"Отработайте окончания фраз: последняя нота звучит с опорой до конца, чисто по интонации и снимается осознанно.","Скомканные, «провисающие» окончания фраз, опора теряется в конце.",начальный–средний,да,https://www.youtube.com/watch?v=7D_vSN4r2hU,Freya's Singing Tips: How The LAST NOTE Can Help You Sing Better,упражнение внутри распевки,
N-ST-04,Хрипотца (rasp) без вреда для голоса,How to Sing Raspy Without Killing Your Voice,STYLE,Freya Casey,"Добавляйте хрипотцу коротко и дозированно, как показано в видео: эффект создаётся без пережима связок. При осиплости или боли сразу остановитесь.","Хрип через зажим связок, осиплость после пения с хрипотцой.",продвинутый,только с педагогом,https://www.youtube.com/watch?v=8l_XW5l-oPI,Freya's Singing Tips: How to sing RASPY without KILLING your VOICE,упражнение внутри распевки,
N-ST-05,Рифы в стиле Арианы Гранде (начальный),Ariana Grande Type Riffs and Runs (Beginner),STYLE,Jacobs Vocal Academy,"Повторяйте за фортепиано поп- и R&B-мелизмы в стиле Арианы Гранде: лёгкий звук, точные ноты, темп постепенно растёт.",Нет стилевой лексики поп- и R&B-мелизмов.,начальный–средний,да,https://www.youtube.com/watch?v=iuHXUaj_sZA,Ariana Grande Type Riffs and Runs Vocal Exercise (Beginner),видео целиком об этом упражнении,
N-ST-06,Высота гортани и стиль,Larynx And Style,STYLE,Justin Stoney,"Спойте одну фразу с разной высотой гортани: низкой (классика), нейтральной (мюзикл) и более высокой (поп). Сравните тембр и подберите положение под стиль песни.","Один и тот же тембр во всех стилях, не хватает стилистической гибкости.",продвинутый,после показа педагогом,https://www.youtube.com/watch?v=drg3bis9e6o,"Ep. 4 ""Larynx And Style"" - Voice Lessons To The World",видео целиком об этом упражнении,
N-ST-07,Фактуры вибрато и их применение,Vibrato textures and how to use them,STYLE,Ken Tamplin,"Отработайте разные фактуры вибрато, показанные в видео, и решите, где в песне петь прямо, а где включать тот или иной тип вибрато.","Однообразное вибрато; нет выбора, когда его включать.",продвинутый,да,https://www.youtube.com/watch?v=5IoNZbJzB6I,Sexy Vibrato! How To Get It! How To Use It To Your Advantage! Ken Tamplin Vocal Academy 4K,видео целиком об этом упражнении,
N-ST-08,Белт и удержание высокой ноты,How To Belt And Hold A Note,STYLE,Ken Tamplin,"Возьмите высокую ноту белтом и удержите её с опорой, не сжимая горло к концу ноты. Длительность наращивайте постепенно.",Высокая нота срывается или сжимается к концу.,продвинутый,только с педагогом,https://www.youtube.com/watch?v=gCrmN0BySz4,How To Belt And Hold A Note - Sustaining High Notes - Vocal Tutorial - Ken Tamplin Vocal Academy,видео целиком об этом упражнении,
N-ST-09,Цепочка фрай → гроул → дисторшн → хрипотца,Fry → Growl → Distortion → Rasp,STYLE,Ken Tamplin,"Шаг за шагом переходите от вокального фрая к гроулу, дисторшну и хрипотце. Эффект создаётся над связками, а не их пережатием. При боли или осиплости сразу прекратите.","Грубый «рваный» звук, который травмирует связки; нет контроля над эффектом.",продвинутый,только с педагогом,https://www.youtube.com/watch?v=QZbxAk1AE6E,How to Sing with Fry - Growl - Distortion - Rasp - Ken Tamplin Vocal Academy,видео целиком об этом упражнении,
N-ST-10,Пение с чувством: эмоциональная подача,Singing With Feeling (Tutorials Ep.40),STYLE,Tara Simon,"Спойте фразу из песни, продумав её смысл и эмоцию. Меняйте динамику, акценты и окраску звука, как показано в видео.","Поёт технично, но «плоско» и без эмоций.",средний,да,https://www.youtube.com/watch?v=5priqAePak0,Singing With Feeling! | Tutorials Ep.40 | Vocal Style,видео целиком об этом упражнении,
N-VI-01,Можно ли научиться вибрато: практические примеры,Can vibrato be learned? (practical examples),VIBRATO,Cheryl Porter,"Повторяйте за коучем примеры: тяните ноту свободно, без зажима, и дайте звуку естественно покачиваться, не «трясите» его искусственно. Видео на итальянском, примеры понятны по показу.","Прямой «плоский» звук без вибрато или зажатое, искусственное вибрато.",средний,да,https://www.youtube.com/watch?v=729NrN89T60,"Si può ""imparare"" il VIBRATO nel canto? vocal coach Cheryl Porter",видео целиком об этом упражнении,
N-VI-02,Поиск естественного вибрато,Natural vibrato finder,VIBRATO,Chris Liepe,"Тяните ноту свободно, отпустите челюсть, язык и шею и дайте вибрато появиться самому, не изображая его искусственно.",Искусственное или зажатое вибрато либо полное его отсутствие.,начальный,да,https://www.youtube.com/watch?v=_n0tKwZGfcQ,The ONLY Way To Find Natural Vibrato (Nothing else really works),видео целиком об этом упражнении,
N-VI-03,Прямой звук против вибрато: переключение по желанию,Straight Tone vs. Vibrato,VIBRATO,Freya Casey,"На одной ноте чередуйте прямой звук и вибрато: сначала прямо, потом включите вибрато, потом снова прямо. Учитесь включать и выключать вибрато по желанию.",Не получается управлять вибрато: оно «заблокировано» или неконтролируемое.,средний,да,https://www.youtube.com/watch?v=Q63i_P-PQaE,Freya's Singing Tips: STRAIGHT TONE vs. VIBRATO,упражнение внутри распевки,
N-VI-04,Скорости вибрато,Vibrato Speeds,VIBRATO,Justin Stoney,"На долгой ноте намеренно меняйте скорость вибрато: медленнее, быстрее, снова медленнее. Задача научиться управлять вибрато, а не пускать его на самотёк.","Вибрато слишком медленное («качается») или слишком быстрое («блеет»), скорость не управляется.",средний,да,https://www.youtube.com/watch?v=mzJ-tZSrhjg,"Ep. 6 ""Vibrato Speeds"" - Voice Lessons To The World",видео целиком об этом упражнении,
N-VI-05,Урок вибрато: как запустить вибрато,How To Do Vibrato (Ken Tamplin),VIBRATO,Ken Tamplin,"Повторяйте за Тамплином долгую ноту и постепенно запускайте естественное колебание высоты, без «тряски» челюстью или животом.",Прямой звук без вибрато; «тряска» вместо естественного вибрато.,начальный,да,https://www.youtube.com/watch?v=JHbMvgIhE3w,How To Do Vibrato - Ken Tamplin Voice Lesson - Ken Tamplin Vocal Academy,видео целиком об этом упражнении,
N-VI-06,Вибрато на резонансе,Vibrato With Resonance,VIBRATO,Ken Tamplin,"Тяните ноту с вибрато и при этом сохраняйте яркую резонансную позицию. Тембр не должен тускнеть, пока звучит вибрато.","Вибрато «съедает» тембр, звук теряет яркость на долгих нотах.",средний,да,https://www.youtube.com/watch?v=AorKMnKgTw8,How To Do Vibrato With Resonance - Ken Tamplin Vocal Academy,видео целиком об этом упражнении,
N-WU-01,10-минутная ежедневная распевка Шерил Портер (для всех уровней),Cheryl Porter's 10 Minute Daily Vocal Workout,WARMUP,Cheryl Porter,Каждый день пойте вместе с видео 10-минутный комплекс любимых упражнений из её курса. Для продвинутых есть отдельная версия ADVANCED.,"Нет ежедневной распевки, голос не разогрет перед пением.",начальный,да,https://www.youtube.com/watch?v=9dVW9E40-Gw,Cheryl Porter's 10 Minute Daily VOCAL WORKOUT (For Singing All Levels!),упражнение внутри распевки,
N-WU-02,Простая распевка перед каждым пением,Do this EVERY TIME before you sing (Dr Dan),WARMUP,Dr Dan Robinson,"Выполняйте перед каждым пением базовую распевку из видео, без сложных упражнений. У Dr Dan есть также 10-минутная версия, которую можно петь вместе с видео.","Пение без разогрева, голос «не проснулся».",начальный,да,https://www.youtube.com/watch?v=feBm38H1q4A,Do this EVERY TIME before you sing! | Vocal Warm Up | #DrDan,видео целиком об этом упражнении,
N-WU-03,Упражнения для абсолютных новичков,Singing Exercises for Absolute Beginners,WARMUP,Dr Dan Robinson,"Пройдите вместе с видео базовый набор упражнений для первых занятий: дыхание, мягкий звук, простые гаммы.","Новичок не знает, с чего начать заниматься вокалом.",начальный,да,https://www.youtube.com/watch?v=nhvEDm7luno,Singing exercises for ABSOLUTE Beginners | #DrDan,упражнение внутри распевки,
N-WU-04,Продвинутая распевка Фреи Кейси,Freya's Advanced Warm-Up Routine,WARMUP,Freya Casey,Пройдите вместе с видео готовую последовательность упражнений перед сложным репертуаром.,Голос недостаточно разогрет для сложного репертуара.,продвинутый,да,https://www.youtube.com/watch?v=ZLWHNKtnlms,Freya's Singing Tips: Advanced Warm Up Routine (Exercises),видео целиком об этом упражнении,
N-WU-05,Быстрая 5-минутная распевка,Quick 5-Minute Warm-Up,WARMUP,Freya Casey,"Выполните вместе с видео короткую последовательность на 5 минут, когда нет времени на полную распевку.",Нет времени на полную распевку перед выступлением.,начальный,да,https://www.youtube.com/watch?v=WqGEi7R1V78,Freya's Singing Tips: Quick 5-Minute WARM-UP,видео целиком об этом упражнении,
N-WU-06,Профессиональная распевка-тренировка Кена Тамплина (пой вместе),Professional Vocal Warm Up (Ken Tamplin),WARMUP,Ken Tamplin,"Пойте вместе с видео полную распевку. Верхние гаммы пропускайте, если они выше вашего комфортного диапазона.",Нет системной ежедневной разминки.,средний,да,https://www.youtube.com/watch?v=1llyljAE7rI,Professional Vocal Warm Up - Vocal Workout - Ken Tamplin Vocal Academy,упражнение внутри распевки,да
